order_id,customer_id,product_id,quantity,total_price,order_date
19551a94-e651-4f31-9e04-278a1b7b2c11,d264170a-8cb0-4fb9-a695-00dd8e53fb92,d1163041-4a21-455a-9458-3fab356174da,3,49.59,2024-04-18
b14939e6-9d38-48c1-a011-4b4829788265,a9d5af76-b76e-4b30-bb57-f52bb7f4a55f,18489922-7444-41ea-8918-8185ba2ae9ca,1,99.57,2024-09-15
5f2e0f9e-900a-46ce-83b7-e4ba21b74f83,37ef76f8-7150-4e7b-9ed8-e3ee36354969,24cc6c61-569e-48fd-841c-88bec8519be2,1,64.27,2024-09-05
13e78ae9-58cf-4e23-a673-f56405035b84,079185e5-d092-4638-8d78-87c369581a78,8f33f1ba-081a-43c6-8396-3646ebd08819,3,284.13,2024-03-26
bf2c9db9-04bc-4a34-adde-170966a77da9,89084ac9-6913-42e8-bef3-d51fab7cd403,c3c1e386-ea52-4318-a878-d16b181d7808,2,93.02,2024-01-12
2fb63d2d-754a-47fd-8f71-09b25463cc13,4b033f4c-492c-4fd9-96e9-898c80c58fe3,6b8be21a-d91c-4416-ab57-25e587f06948,4,370.96,2024-02-17
62ed010c-706a-4244-a26f-d4bd08918cd2,75d0314a-8818-4121-98d9-966eae42d43c,034eac98-ea91-43ce-86af-1da7035c88a4,5,435.7,2024-05-15
86e7b2b7-f916-4745-acda-8a978655aa09,5c8b6b56-38bd-4049-986a-9b681a457c52,d51638a3-42d4-4207-b818-3e996fc022ce,4,264.56,2024-09-01
b26d996e-3a5d-4953-baa2-5a4bd0a5b627,159ac2ec-2507-4ca7-8534-c416dfc748e7,8c639be1-051e-413e-aaec-2512dfab156b,3,228.54000000000002,2024-02-11
b565eff9-f5ef-4fe3-82b1-73681f4e9d8e,1077fd72-d0cc-491c-ac75-5d57acc59a3f,6d247a88-a7ea-4645-b7a7-c27bea843cc3,5,350.3,2024-05-06
b987c9db-cc07-4038-bf2b-404b16748326,c2568028-2e1f-4067-86d5-d34177d00940,0c126e17-583a-4fbe-9d56-c827163e9665,3,141.51,2024-07-11
7651d75a-8879-43cd-ab26-75c1428bee89,accb5fd5-daf1-4472-8b46-fe5eae38c243,3f5830b8-d113-4edd-ac81-cb3bab282e4e,5,230.55,2024-06-16
56d2b01e-dfb9-4e0e-91ff-9874d47f0554,4b033f4c-492c-4fd9-96e9-898c80c58fe3,22ac37b1-8ca5-4c34-91ae-0f17f3c101b3,4,298.8,2024-06-23
2d6f39fb-b0b6-4692-8900-90b4e471b8e3,36740042-b7b8-4c0d-a09a-4303a617906a,4b97960c-6802-48dc-a588-e955746c4fdb,2,35.98,2024-03-09
5cdb2557-d8e5-408d-90f0-46812db95339,75d0314a-8818-4121-98d9-966eae42d43c,d9b983fe-cf3d-415f-80ee-0770f6e30b14,2,170.66,2024-07-20
ff0afcc3-cba3-49a2-84d9-f0c5fe385c70,37ef76f8-7150-4e7b-9ed8-e3ee36354969,cb850dfc-b644-41de-bd51-2e7a99d6ff66,2,41.0,2024-03-08
540c9101-c2d7-47e7-a51a-1432e3847c7e,b37ccd28-c67a-4ea6-9b89-78503eda43cf,92aee6a0-b61c-42a3-a436-dd872b4ef5be,1,53.7,2024-03-10
017811fd-a71a-40ec-a4db-11ccc9c8f4e2,93b16636-acfa-4d79-97c4-af6212c6267f,b860b06e-6b14-428f-8ea3-c9905b88e8da,5,359.20000000000005,2024-06-24
38d26d98-8cb3-4160-a9b4-1d1256048af1,587542b5-f0e9-40dd-a627-6f80d931520a,c6530e16-dd54-4796-ba25-b8e3b8af1e0f,2,127.72,2024-03-22
20ae5654-a1c7-49eb-97a5-3740475a4411,5b145ac4-2445-4f70-9535-9609f77226be,7da8aa7e-a091-4e68-b85f-c7d34d4186b7,3,227.04000000000002,2024-06-22
f98d21b2-a702-4e4c-9a34-7b80cab8edc6,05a5f6dc-9859-4249-b432-99effc559860,0863978f-4be6-49f3-81e2-566069e5bdc5,3,223.46999999999997,2024-02-27
917c8753-949d-46b9-81d7-8bb02eb6f9d7,5c8ca6c5-f27b-45a5-be5e-fb41e3342cbd,db0a081b-8aed-4d50-9113-1b76665b1a53,5,199.8,2024-04-30
96d48079-c153-40b8-92da-bab1028b981f,fcf72ac3-13b9-4951-98d1-73fa38d6b21f,819cc347-8770-4d00-b4dd-1a2bed155535,5,356.85,2024-03-28
babba370-dfe9-42a7-9047-31b8d19d17f6,9627ae80-2bfb-4725-9a1c-35e54c12e9e1,c9c03645-61fd-44da-8511-57dc74ff0f50,4,188.2,2024-05-05
a0b13337-a059-4872-9fee-5d6cac0fe7ed,ed2e5c49-8f57-4684-b6c1-0b99bf39b3d2,88f69017-670c-48b4-8109-914aa1047dfe,5,80.39999999999999,2024-09-06
cb69a78f-e6b5-4a8e-a0f5-aeddec3b1c08,ad0ebc24-dc39-4947-bc38-39f9b4ffe0fc,e238a02b-5e83-4467-aca8-b917e53fcc96,2,105.62,2024-04-08
b27899a3-f154-41a0-8df9-8da71f369b53,a2b63e42-c11c-465a-afb9-9d35765d37f8,44735279-91dd-419f-b1ac-bf9d7fde3b21,1,52.72,2024-09-14
82e74af8-bf18-4c3a-8e13-76bd3e847554,75d0314a-8818-4121-98d9-966eae42d43c,c972929b-d607-4077-a69c-b1985a6fb0c0,5,497.75,2024-07-20
8b1ac76d-c20f-49f9-b712-96444da32ef4,57034ba3-d106-4099-8ff8-499306cdfabe,bd4c4bfb-41a9-47bc-a4c1-ed5a8eb21b3c,5,62.199999999999996,2024-03-29
0281f074-eae6-48e8-a475-13722deeb7a3,c2568028-2e1f-4067-86d5-d34177d00940,f3ff2b05-5941-4d7e-ad45-9ef02854fc4d,2,83.14,2024-04-22
9a811707-4df1-451e-b6cc-b67ef2b4dcfe,ca6a1df0-3cc7-4c9e-b7ed-f53d1a272f00,56c4b882-2231-4711-82e0-61b5e2a0b765,5,89.45,2024-03-01
84aaa8fd-b684-4236-b423-3147270aab76,3315988c-8433-4d81-887f-1a3390e0a616,2db9c360-8c86-44cc-b1e0-ad464df29e39,3,37.47,2024-08-16
75ed1a57-c99f-46a9-b48a-6b0f7b58e1ba,1de675ed-a606-48ab-8000-99954a4268d1,898e7e9a-7087-4a4d-a503-cfa3056a4bba,4,213.88,2024-08-10
2021b4c2-4a36-4604-bd02-0302e0a386a6,4b033f4c-492c-4fd9-96e9-898c80c58fe3,9f69ee56-8cb8-4734-9052-7c0fdc9e62f8,2,54.02,2024-04-26
6d82d86d-92c4-4a58-9e4d-6b974a33b576,7e5c91de-ba29-461c-a2fb-96e21c965d7e,7b675290-abd5-4727-b3a7-35d23f01fff2,3,223.70999999999998,2024-03-30
ed34ec68-a933-4106-a840-3b8e09a75dca,8a0dd6d0-1cb8-4f8d-87ca-f976789a6dec,fe90403a-b35f-4dcf-a0cf-4b9df41c3f0d,3,71.73,2024-01-08
49324dda-84b9-48c1-b57e-5c3420a6c4e0,6218e402-afa9-41ff-b1be-db372ed46d63,e374b23b-e75f-4fa0-8f98-1a5935f88169,2,173.28,2024-09-09
8ae81670-95b5-4be5-a64b-0018688eeeb7,799b2722-4f81-4db1-acd5-d63c8b685530,6ad4bf90-a525-47f1-839c-c21176af396a,3,195.71999999999997,2024-08-14
3a3e8172-92f0-4826-b63d-10f612f4fd9a,69f6ca19-562a-472f-b5b8-c2f7ae7b2e1f,d270c033-267c-480f-8c19-4a3c3fa4cdbf,5,235.3,2024-01-06
15b06976-71cf-4265-9ffd-c942c60346df,e0b3abbb-d871-4a22-aba3-3ec3a53731f0,c250459a-8a1e-4c3f-b74d-caea7591f2cf,4,92.48,2024-01-25
d51f7fed-5359-4d03-b040-90b5b84f6580,5c8b6b56-38bd-4049-986a-9b681a457c52,0da202d2-b325-407f-9fe3-740d365c90ab,3,167.19,2024-08-31
def65f8d-5e81-4296-87ab-bd02d91e564f,1c478ed4-5935-4d07-b4c4-c1ca450a9cff,3c65e47e-85c1-4458-ac3f-7610368f1e6e,5,430.09999999999997,2024-02-26
ac7e6ffc-de71-43c8-9fc9-54a5eb06e020,180e5364-7204-45dd-9697-c1f6e12a9f24,00c38c75-a2a3-4dbc-afaa-b6e720c0a748,3,267.75,2024-02-05
cbbc32df-09f5-4804-9ab8-102679378311,180e5364-7204-45dd-9697-c1f6e12a9f24,8acd8b8b-9df6-40ce-aee4-8567f1fbe09d,2,178.58,2024-03-24
c2901152-bd85-4e6a-808e-e1f6f830bc2c,1c478ed4-5935-4d07-b4c4-c1ca450a9cff,4256da82-2a3b-43b9-a859-542d377790db,1,84.24,2024-08-29
bc806381-cf93-4468-a86c-1c1a83682bd4,8a0dd6d0-1cb8-4f8d-87ca-f976789a6dec,d4161ea4-dab6-4275-acce-e8819f7d9ef4,3,275.61,2024-03-07
24a22242-96b3-4e76-8d62-1289d740a195,45750465-2a7e-43b4-8444-bc6781295407,ac6d89be-568e-45ce-89f9-c7d106e4e86c,5,312.1,2024-07-14
ced86712-9aa7-4df6-a575-7967fb8e6f33,60780234-89d1-4e55-a80a-502ce7102be9,39328122-f7d5-4943-ac1c-cedcb9d89c39,4,396.48,2024-08-27
e1ea7225-1d5f-4021-8961-885315e565f4,d264170a-8cb0-4fb9-a695-00dd8e53fb92,bba528fb-e84c-44f7-a8d1-8799e0a4767c,3,75.72,2024-07-16
260f9ebe-42c5-4fa8-8cae-d9c0a640e632,69f6ca19-562a-472f-b5b8-c2f7ae7b2e1f,c61b7ecd-1c46-4dec-82be-5f2f6293ed13,2,58.38,2024-01-08
e2ceb95f-c478-4f0c-9997-b03fdd4abb32,180e5364-7204-45dd-9697-c1f6e12a9f24,39328122-f7d5-4943-ac1c-cedcb9d89c39,5,495.6,2024-02-20
dc0c3caa-78a3-4138-91ba-979110e64c69,3c805040-24fc-44c5-a630-d4a53983240e,26c45e47-5e8d-4e9e-a3c4-0752973e196a,4,242.0,2024-02-16
f7566d0a-f6e7-4e84-a9bf-405d23cbd576,5cb20b9d-b7d0-43ed-89d6-c90d291dbc56,883b322a-2c8b-471c-be7c-8aaa7988dcd5,1,66.04,2024-01-21
331874c5-8772-414f-86a3-cb8b55cdf3b2,9627ae80-2bfb-4725-9a1c-35e54c12e9e1,59835526-678e-4627-a869-6be2c42fd84e,1,70.29,2024-01-15
f9de0031-848e-4e66-ba1d-40a5b715bc6c,36740042-b7b8-4c0d-a09a-4303a617906a,819cc347-8770-4d00-b4dd-1a2bed155535,2,142.74,2024-05-04
ca78d607-4256-4e82-8a2f-7960a8c55aba,961fa80b-b168-4e56-bd5d-0f8698553533,0a659020-88b2-4e98-b752-b405cee648f6,2,62.02,2024-03-21
d4dd29e6-da3f-4f07-b578-136536755a7b,eb04829f-14ee-42ce-93b8-262004df68bb,3c5f2690-6791-4294-a0ac-4a9512e117e9,3,196.89,2024-08-20
2763b8fa-427a-4ccd-a39d-032c996a8c8e,ca080fcf-6a1d-4678-aa79-c7f78d94d5f0,f31f431b-426f-4ddb-a938-d7fbbf7d24ea,1,21.49,2024-09-10
f6e3e5e8-2328-419c-ba0a-8e4fad2079ca,eb04829f-14ee-42ce-93b8-262004df68bb,5bcf7ae6-9122-47c6-a5cd-a0f26948b37b,2,154.66,2024-05-12
8137a983-7322-4248-8662-64424ac1467c,05a5f6dc-9859-4249-b432-99effc559860,58cceda8-d136-40ff-9b3c-2fe102da97ac,4,266.24,2024-03-05
46a41b86-3f7d-4708-9515-2a0f95c4e3c9,1c478ed4-5935-4d07-b4c4-c1ca450a9cff,fadc30d7-6110-4c14-8ddd-1c42075b0acb,2,83.46,2024-02-21
61098560-f9dc-4872-80c1-2f7cba4da56d,a8c09f91-2286-47c0-a1b6-236e617ec489,d4161ea4-dab6-4275-acce-e8819f7d9ef4,3,275.61,2024-02-14
b0a390fd-0435-4600-af56-02c1ca9d16bb,41a20684-f41d-4a96-bae0-ba5548d70559,16ef5a51-59d6-4244-bac9-88aee120256c,5,159.85,2024-08-10
3fee1277-465f-409f-824d-764071dedefe,ad0ebc24-dc39-4947-bc38-39f9b4ffe0fc,348f0846-277e-44a7-ab35-8c1db8b6f853,5,247.89999999999998,2024-05-30
c49b2e9f-c68c-493d-99ff-a0ec5d286163,57034ba3-d106-4099-8ff8-499306cdfabe,ac8beb5b-df3f-4478-a334-1d8b45415590,3,257.19,2024-05-24
aba915bc-259d-407f-b348-20943f537995,01c914a7-3479-4e30-b242-a08d1a763b69,7fa9c65f-42bd-4847-be6f-a8120664c180,2,97.5,2024-08-01
d5c4ccef-ca90-41d2-ae27-433ad7c96308,fcf72ac3-13b9-4951-98d1-73fa38d6b21f,cae3118f-1d99-4cda-a1a3-e17a1a1bb796,2,147.0,2024-04-08
1f913477-b79e-431b-baae-48b16070b237,3d7e0c1e-ed8f-483b-8c34-df71e0a37c2c,5493d099-a1a5-4d8f-98f5-c64433421f7c,1,92.72,2024-08-04
045cb21e-1183-4647-8c77-9aadaf550b49,45750465-2a7e-43b4-8444-bc6781295407,bd8e9afb-4627-4cf2-a7c8-233c13ae87ac,4,223.24,2024-01-02
fe6834a3-db41-48b4-98ce-781a6c970783,a797f613-473a-4008-9e36-9f3487468bb9,56c4b882-2231-4711-82e0-61b5e2a0b765,4,71.56,2024-05-08
2482d297-efb6-4f2e-9c8f-4c2d79400c24,a8a245f9-8bcb-4478-b039-18a6f9f16734,192fdcb8-43a5-4b09-9c3e-124c74681c00,3,219.69,2024-03-15
cb1daae1-49b6-4001-b05c-d0a2b21b5c03,ed2e5c49-8f57-4684-b6c1-0b99bf39b3d2,f7163add-fa60-4b8a-80f5-21bceb6d2200,5,412.2,2024-01-18
52220369-9eb4-46e6-b17f-da8926134058,5c8ca6c5-f27b-45a5-be5e-fb41e3342cbd,3127e481-47b3-4ff2-bb13-3f2732865c45,1,87.94,2024-06-09
797fb52e-8ed7-42a5-af9b-8e185da34113,4e1a1be9-d688-4f70-a960-bd76bb80780f,045fb500-b358-4528-b229-2b8d62be0aad,1,42.13,2024-02-14
cbec9546-7605-410a-baea-f82026076ee7,071a580e-66d9-421d-8dee-3415f3806229,e6566c54-c05c-4dda-b0ff-d09bd9fa3929,1,11.12,2024-01-07
cb5e214d-be4d-4b41-aee3-73ec0a908699,19b104bd-4045-4e60-80fb-52d1a855eb1b,aa286730-fffa-4b9c-884e-3a41f093e805,2,188.72,2024-03-01
1c24b502-1947-470a-8af5-1d802ae4172d,3b3ea2e3-d36c-4a13-8b14-c45abdbd0ceb,35099472-28dd-4f73-9a8b-251bef112e6a,4,319.76,2024-09-18
0164bcf6-b656-49bf-b994-66eb93033e33,5c8b6b56-38bd-4049-986a-9b681a457c52,84e05845-3a53-4bef-aeba-573f385b1e97,2,139.66,2024-09-14
beb728e4-dd79-4cdb-9e2a-b9b07af82027,a2b63e42-c11c-465a-afb9-9d35765d37f8,8203c8e0-36ff-48f0-b2f7-fd89064d0b74,2,181.98,2024-07-26
aa9fc661-be7d-4778-8859-9f4290f0b64d,7b0ecd7a-7767-425a-a995-94dcabfc99eb,8d913525-d3bf-4ad0-b322-ae8dc26b67c6,3,172.71,2024-05-10
2421b519-404a-4830-ae6e-9999e66f0774,7877ea43-5830-4838-bc72-80062906a6fc,54b0dafc-9927-49e8-8836-1ede1351dbfb,4,308.4,2024-05-07
cf21404a-ff34-4f09-9897-e575b299566d,180e5364-7204-45dd-9697-c1f6e12a9f24,696a2d6b-4821-42ec-a6a0-5bf28ddc0069,2,164.04,2024-09-18
6994ebfe-3fae-49ba-8136-5a6a5d40adfb,fa301584-a926-4b70-942f-5777ca72b386,43205626-3707-4c83-9762-1eae58f3a8ac,5,103.5,2024-06-06
4602ab6b-c804-4d37-9230-e25867139b34,216d0d47-e41b-4357-a81a-073cfc9c15ab,b721035c-a50d-408c-a64b-005dc200af33,5,75.75,2024-08-06
76486846-6f6c-47c7-b489-9deb34009c59,587542b5-f0e9-40dd-a627-6f80d931520a,9bcde439-e315-4805-bf06-828292444a79,5,393.6,2024-03-05
3cf90a13-8b73-4aa2-a6e3-f036c905776b,eb04829f-14ee-42ce-93b8-262004df68bb,cd027936-26d0-4e24-8fe0-ef01faf6a715,1,84.68,2024-06-04
402a107e-47fc-4bcd-84ca-caebb77d8e4c,c60699c9-3059-4c85-bef5-d7476f200644,87dbc323-a971-48a5-9d21-630d1c488002,5,466.25,2024-02-02
9e9e380e-b9dd-4468-ae1d-ff920e972547,d1bda816-040b-4967-b465-a32944a18cac,b860b06e-6b14-428f-8ea3-c9905b88e8da,5,359.20000000000005,2024-05-26
e9ab0015-40ef-4dd4-a9f9-409d26969b2b,c2568028-2e1f-4067-86d5-d34177d00940,8c38b8d1-74f2-4098-865d-3597a538460e,2,138.24,2024-08-02
11a0badc-ed63-4f2a-8007-8d4a3628595b,3315988c-8433-4d81-887f-1a3390e0a616,19169506-63d3-46f6-8d31-a34c7a5965f3,5,445.65,2024-09-03
dd685abb-4700-46db-9924-2409a9d7765a,9b590424-9bb5-4541-bf26-d1fa879105d5,8c639be1-051e-413e-aaec-2512dfab156b,5,380.90000000000003,2024-03-30
839dd4e3-db44-492e-9774-e558d3c2b645,e0b3abbb-d871-4a22-aba3-3ec3a53731f0,b186b16e-e900-45b9-8777-38d90a94acd2,1,13.86,2024-07-03
50d19c9f-11d6-48be-bd7a-06804a63d118,071a580e-66d9-421d-8dee-3415f3806229,c6380e49-959d-43e2-a80c-edb3e1dba1f0,4,311.2,2024-06-08
c0e2b7ce-17d5-48b5-8b66-76d30561e0ae,55dc1365-ac5f-43e4-84b4-320fda0625d6,ad48967a-cb3c-447b-bd87-83631522341b,1,60.31,2024-08-15
29bac7c1-d620-434a-8e5b-18b382de83af,3e4f5c58-0c9b-4f5b-837f-c5382f7581ad,4ab5eb5a-bced-4350-a9b3-506ac50cf767,2,141.32,2024-04-27
778f2eb1-19fd-41f4-abd6-d8dbc2365e57,01c914a7-3479-4e30-b242-a08d1a763b69,3c7a0f86-85eb-4b61-b78b-0828ef079461,4,175.84,2024-02-25
b4073d62-8486-4b73-87d6-8474d72cb853,c8cd7976-db18-496a-896c-aa124eaaed92,0236e005-79c9-482e-9afd-56cc13f46f5f,4,269.24,2024-02-17
1cb8d514-84b0-440e-bdf4-4c4f95bfaa7d,60c44073-c666-4294-b13e-d6f8aec1ece8,93145f69-f6d5-433c-961d-f1db45cc81b7,3,238.32,2024-01-21
b7156989-3caa-47dc-89c6-4923cc4ca6ac,c29647ec-4eb6-4dc9-9d9d-092900fe6277,eadb3d21-95ad-4afa-894c-a35c6c709d20,2,100.2,2024-06-28
70e0c84f-d94e-4122-a2d0-fd8c0d0cbe4c,37ef76f8-7150-4e7b-9ed8-e3ee36354969,2e25f5e8-1683-4951-862f-943a48612299,4,239.48,2024-08-13
80615b5e-885c-4c65-a20f-4039e5f5ea91,b460d820-2755-40fa-903f-709c854522e2,23139110-c5ca-4d2d-b3ae-7e1d9bd1a80f,3,35.099999999999994,2024-06-05
8a4a88f1-a5c9-4ccb-b03d-ad90cf3d85f8,7b93852a-a484-49d1-81ba-893baf50dbb4,fa0c31ed-d89a-466d-aeb4-644161e83c1d,5,383.95000000000005,2024-04-08
6237e5d2-274c-4cd9-8d5c-015638aacf4d,799b2722-4f81-4db1-acd5-d63c8b685530,0dc06828-79bb-4be9-a99f-e7467190380f,2,93.96,2024-03-26
3b8b37fe-1196-4324-b951-170a74d1174d,697be568-23dd-43b8-a7c8-5683d9a5389a,431c5a98-b9d3-4649-b94f-c5e37724ae56,5,459.79999999999995,2024-01-30
edc12628-a1dc-41a8-8d7a-41a7e5109d95,4e59d88b-630f-443a-90c6-b2560e1e2b19,f9fdd341-815f-4b93-a41b-2c1a607468cb,5,105.3,2024-04-19
de458e9e-e59b-4c52-ac1e-ca9d93eac9f5,c694fac6-12e1-4714-a33b-ce5001391112,0c3c1d4b-60b8-40e0-b854-b332c3c95f44,1,46.68,2024-01-03
5e5dfbc2-c682-4b72-8110-415e4cbb1828,45750465-2a7e-43b4-8444-bc6781295407,ecfa1024-9bff-41dc-9eea-c9dce154b298,2,156.18,2024-03-05
c0e083c0-6688-4ffd-ab54-6fee2876bea5,8a0dd6d0-1cb8-4f8d-87ca-f976789a6dec,5e4b88a8-540c-4170-ae75-63ff9a9c124f,3,240.32999999999998,2024-03-17
6a863ce1-bcfc-4eeb-8b92-ddda6ff1160d,b37ccd28-c67a-4ea6-9b89-78503eda43cf,ba2d7a81-22a3-485d-b98f-048758277d91,5,325.79999999999995,2024-09-06
fcecc4da-b42f-497b-9adc-a51898589cd8,a035f333-eb9d-42fd-9133-36ca4394f041,f19068c5-3477-421d-b718-79357d4c428d,1,76.88,2024-03-17
7dc41e2c-8b90-4fb8-8b17-7651cf61776e,a797f613-473a-4008-9e36-9f3487468bb9,a44efca8-5f7e-40fb-ab93-1036142e6906,4,298.8,2024-06-21
16aa5a0d-0f51-43b8-8fd7-9c3d0b674519,12fe03d8-ed02-4496-8dac-75a6e8f80342,c1dc27db-a050-4fa7-aa76-d45d814ed7d6,4,46.68,2024-08-25
3e8969fc-3123-4494-b00a-fbab7aa4dc83,ea704efb-0136-43b9-ac45-e16a1419e79f,92aee6a0-b61c-42a3-a436-dd872b4ef5be,5,268.5,2024-03-16
bf6e6449-4242-4d33-8ca9-1ea0e28ac2e1,28164348-0641-4c94-b24c-ea0833bb074b,960b857c-0eae-49dd-854c-03909e90bd5e,4,164.56,2024-01-26
c2da1dc0-e205-4f1d-bdd3-bdfb43139cf2,c694fac6-12e1-4714-a33b-ce5001391112,ca72ee9d-8a54-4d39-b870-ddcc20a9792c,3,167.22,2024-08-28
95d89edc-7239-406d-b36e-39703c2f0e16,0b915975-50c5-48a1-9e23-46c9ac77b28f,a3e3625f-4f38-4acc-93d1-3ace0983cc3e,5,420.79999999999995,2024-01-20
3b557f64-cf26-4c8d-a69c-d9f6849fd957,8a0dd6d0-1cb8-4f8d-87ca-f976789a6dec,ff765b3b-6eb0-4464-ac4a-4e59b8976f38,5,123.69999999999999,2024-09-04
8ffddecd-9ba3-48d0-b9d1-b09478c5f4c3,1ba51ed4-9be2-4a20-bcf0-c80d1736aae7,51e3d6f8-4fa1-4ee8-a35b-0f84842b5486,1,99.04,2024-05-05
84076f99-6f26-4d6f-842b-7cb165d61ff4,dc58557e-e622-4423-a91b-7b80af3a541d,d6eec8e9-2b3d-4022-a46b-9e4ba8606782,3,136.89000000000001,2024-06-10
084622dc-35cf-464f-989c-77c33a08b15e,4b033f4c-492c-4fd9-96e9-898c80c58fe3,dd054aa1-4a2c-4c41-aeeb-104604a9ee17,1,40.41,2024-07-22
0bb93101-1074-4154-866f-2842c57f4c6d,60c44073-c666-4294-b13e-d6f8aec1ece8,e380d40c-8dd5-4b3d-86e9-9d43cb3fc19e,5,229.54999999999998,2024-09-20
21cb46bf-9cdb-42fc-bb1c-8cc112a3ec45,ca080fcf-6a1d-4678-aa79-c7f78d94d5f0,6ece48bb-1f7f-4e48-b50b-15e0bbe35eae,2,145.88,2024-08-03
6610864b-7936-48a7-afb0-95465092780f,d1acf386-0d9d-47d1-9c8d-0f0ea565c99c,cbe9f23a-8345-4012-81bc-23b77792d855,2,176.12,2024-04-22
ca067ba0-1583-4365-b031-287cc98e2028,0b915975-50c5-48a1-9e23-46c9ac77b28f,d51638a3-42d4-4207-b818-3e996fc022ce,3,198.42000000000002,2024-03-07
dfa28f09-c5af-4077-ab77-7d770e3314e5,961fa80b-b168-4e56-bd5d-0f8698553533,2252fd94-0be1-43c1-8cc6-b63773195b75,5,450.0,2024-03-02
86458c13-0dee-4598-91a0-f1ee688d0def,57034ba3-d106-4099-8ff8-499306cdfabe,8d060fd1-9b54-4161-b024-641b090c3c40,3,119.43,2024-04-09
c367d2fe-a029-4de4-8c60-065925d4b7a0,a8c09f91-2286-47c0-a1b6-236e617ec489,688ed54f-637f-408d-90c8-3f494456ce35,5,328.6,2024-05-15
dca993c1-ff5b-4a6d-b006-404c9bede448,b37ccd28-c67a-4ea6-9b89-78503eda43cf,c11533b5-a5d4-47d6-8580-2d55f954fcfa,3,55.89,2024-07-02
ca262e3e-cb4b-4112-89b0-0194b9138c93,a797f613-473a-4008-9e36-9f3487468bb9,441f3c57-71b3-4d8f-b104-65a155cea14d,3,194.64,2024-08-25
5fd724eb-b952-48cb-8d6d-ed8bba9c903d,1ba51ed4-9be2-4a20-bcf0-c80d1736aae7,4ab5eb5a-bced-4350-a9b3-506ac50cf767,3,211.98,2024-06-21
f83cb8d7-25c4-4c73-a6e1-3dc5534e04d2,9b6321f4-1840-42a8-bf22-edd0cdd9b343,cae3118f-1d99-4cda-a1a3-e17a1a1bb796,3,220.5,2024-02-02
ad6824db-469d-404f-aa93-3f6b8ba316ba,5b145ac4-2445-4f70-9535-9609f77226be,c9c03645-61fd-44da-8511-57dc74ff0f50,1,47.05,2024-08-09
105d514f-9140-461b-a79c-8e2a24c521b7,159ac2ec-2507-4ca7-8534-c416dfc748e7,fdb3b30e-7809-413a-8100-3229dcc00cc5,3,74.07000000000001,2024-08-21
aeadf1cb-3cf9-4650-8ab3-f691011920cb,38a244d4-b7ba-4b64-ab67-e5638195f503,378e4244-2e1a-44e1-8ff6-297cbecd385d,1,95.18,2024-07-31
bb259724-6bc1-4bb9-9c77-c74f3add3d0c,9b6321f4-1840-42a8-bf22-edd0cdd9b343,f7163add-fa60-4b8a-80f5-21bceb6d2200,1,82.44,2024-01-11
97a9c925-4ea1-4afd-9da1-48b6cc431c42,8c423d6d-f3e4-4460-a4ec-3036b4f7addf,1b83310e-93a0-4c4c-a165-d47738bc0f05,4,255.16,2024-08-23
0bd652bb-dba8-4a74-a63a-111832205a67,8eb5ce9d-c7d0-4c16-b636-7c7eeb1431d1,fa0c31ed-d89a-466d-aeb4-644161e83c1d,2,153.58,2024-09-03
d28f5477-e697-4fc1-9f81-6fb8ee2f720f,4e1a1be9-d688-4f70-a960-bd76bb80780f,475e77ff-779f-4029-840f-814c4e5de68f,2,126.42,2024-03-20
685a3eab-2cf9-4c87-9174-b669095205e6,9b6321f4-1840-42a8-bf22-edd0cdd9b343,253997d1-bf65-4e34-aa50-8bfd4633ce52,2,160.36,2024-02-09
46975e35-898f-4a54-83aa-6897560ab127,9b590424-9bb5-4541-bf26-d1fa879105d5,c1dc27db-a050-4fa7-aa76-d45d814ed7d6,5,58.35,2024-04-04
c17e851e-0f5a-4085-9a5d-aef846245d88,fa301584-a926-4b70-942f-5777ca72b386,16ef5a51-59d6-4244-bac9-88aee120256c,5,159.85,2024-01-17
8111c839-0732-477e-9477-7aa888dc72cb,a035f333-eb9d-42fd-9133-36ca4394f041,67a93f56-ed51-4418-9ca9-0f34df821d99,3,243.95999999999998,2024-06-07
a2cc121a-f2ca-482b-9bb2-383f1aa78339,df7ada70-5505-46f7-b2b5-1b9990342c70,972aa826-de27-4140-aaa0-79d6865ba778,3,39.93,2024-02-20
9f2f9297-8d37-4401-8a62-e5d2cf221bb6,8c423d6d-f3e4-4460-a4ec-3036b4f7addf,24ca31ad-2032-43dc-b9ef-4c98b924c39c,5,358.25,2024-09-21
b5b9181f-19a2-4a25-8059-11296d41e179,a1659acb-abc7-4ea7-a264-de8bed7b13ef,6802bee8-a45c-4f0a-8827-41e8541d55ca,1,14.19,2024-01-26
e0657c05-c393-4cc7-9ce8-fb71b9c38157,a035f333-eb9d-42fd-9133-36ca4394f041,9e3f2881-991b-4ea0-9c3d-8e3af1e0fe0c,3,95.61,2024-05-18
c0232474-564b-4397-972c-087ba0d01812,079185e5-d092-4638-8d78-87c369581a78,1a652ab9-7279-427e-9c28-967ecca18eb2,4,369.96,2024-09-15
410638e4-54bb-48d7-8acb-0b94f99c96e5,799b2722-4f81-4db1-acd5-d63c8b685530,ba2d7a81-22a3-485d-b98f-048758277d91,3,195.48,2024-09-12
41d5148f-4cd2-4f5f-9c04-d4e3f6c8f3fe,accb5fd5-daf1-4472-8b46-fe5eae38c243,04ff6d89-d689-44fd-9258-44479d7ba701,3,284.01,2024-03-09
dfd37cfb-6642-4a1c-a238-b3149606fdff,75d0314a-8818-4121-98d9-966eae42d43c,b860b06e-6b14-428f-8ea3-c9905b88e8da,4,287.36,2024-09-15
009bbbb2-1379-43c3-aae6-a575217c650a,4e1a1be9-d688-4f70-a960-bd76bb80780f,57247ebb-c9da-46a9-8677-0a8e62f94dc8,1,46.0,2024-05-30
f2840cf0-8ec5-44ee-8a20-11f70e170d78,a035f333-eb9d-42fd-9133-36ca4394f041,5d8dee8f-e704-424c-ba98-018cbcc27964,5,260.95,2024-01-18
a85f38c9-c924-4df4-a4d0-6c57d4f3ad32,ea704efb-0136-43b9-ac45-e16a1419e79f,d2252a1b-5031-488c-b366-7110d6761a9b,2,135.62,2024-04-29
adc249b2-5c51-4b9b-a6e9-64790099cd25,1de675ed-a606-48ab-8000-99954a4268d1,b495b54f-ba3e-471c-81b9-7f6e86ea4a2e,2,124.9,2024-02-17
17b7af76-c3e0-44ae-b9ee-5dc136d5de20,6616a0aa-d9e4-479d-be25-9c0e2381f14e,23e34bac-cf8a-4e95-a0f1-0092fe9d570e,2,98.64,2024-05-29
bd716f39-5fe7-4d94-954a-0cba8fcca178,ca7898e9-7808-4240-9301-af370d6e3b88,e27ff44c-87c4-4cf4-8c61-de407461ffde,4,232.8,2024-03-22
8d379dfb-66cb-4cc5-bc7c-ef51884ab3db,d0314665-111a-468d-9ba9-9c85b51d7812,6d7bcf6c-ea38-434d-818b-cc1d7021e53e,4,169.44,2024-03-04
beb7ee84-382a-4a5b-85a7-027ede0e6207,7877ea43-5830-4838-bc72-80062906a6fc,fcbeffb9-2176-4144-af3a-6ebc400ebd24,4,180.8,2024-09-02
505c0456-ca7c-4c2c-90a0-cd578027e091,799b2722-4f81-4db1-acd5-d63c8b685530,cd35a450-e6df-4076-8364-0d0037eea80d,2,65.86,2024-03-16
2a4b14f9-9526-49d5-9979-25413592750e,3b3ea2e3-d36c-4a13-8b14-c45abdbd0ceb,57d9f152-e416-4d70-8be5-94f5c0477e91,5,272.85,2024-05-10
e0e8d465-9eb3-40dc-8159-2c1ed23b0792,ed2e5c49-8f57-4684-b6c1-0b99bf39b3d2,6e3d15e7-a2ab-44ff-b7a4-cd6444a8c732,1,63.95,2024-01-19
b6077d03-47b1-4b04-a745-839f74cc6817,3d7e0c1e-ed8f-483b-8c34-df71e0a37c2c,9b70034e-5caa-4599-9c8c-4564eafa0b72,1,47.56,2024-08-03
15677a00-4644-4365-899f-28e5ae7da7dd,28164348-0641-4c94-b24c-ea0833bb074b,95b011ed-9599-44dd-8ac9-4db1ebee8ef2,3,111.53999999999999,2024-09-13
3b5d5219-3161-44c0-b8ed-7bec7d6cfbf5,4b033f4c-492c-4fd9-96e9-898c80c58fe3,e348da87-cd6b-4a80-8c6e-433da9e46db1,5,477.95000000000005,2024-09-06
728962fe-a551-4db4-a3e9-cc35fd092853,159ac2ec-2507-4ca7-8534-c416dfc748e7,01caa6ce-14c9-4ec8-bd89-00290a107236,2,153.22,2024-01-15
8914e660-2be4-401f-be2c-33a6594f9e9a,fcf72ac3-13b9-4951-98d1-73fa38d6b21f,a67e80e9-5280-4daa-88b1-e57d01d80c9c,3,141.03,2024-07-30
ef646b02-f82e-4dab-8f8b-1abe1370b6ef,c694fac6-12e1-4714-a33b-ce5001391112,df57f498-bdda-4753-8928-7d6accd98ca0,4,180.16,2024-05-29
57a3cefe-03a1-4e0e-8ff3-37d23ad3ce24,ad56e008-9d5c-431c-9124-77be554e3fb4,c6380e49-959d-43e2-a80c-edb3e1dba1f0,3,233.39999999999998,2024-05-24
ee69c6d5-d133-46c7-b47d-cf162e984cc5,45750465-2a7e-43b4-8444-bc6781295407,c61b7ecd-1c46-4dec-82be-5f2f6293ed13,1,29.19,2024-03-27
9dc364dc-5180-4228-8365-abec5f394472,2eeb86d1-6bd3-43de-9a8a-1c002016f9b1,d74ac098-d98a-4cb4-9395-886b8cc12777,1,22.98,2024-02-13
05895261-fb97-47d3-b3e7-6ea21b181682,a9d5af76-b76e-4b30-bb57-f52bb7f4a55f,5ec670c7-2895-468f-ad3c-c74c94137d0f,3,173.49,2024-07-11
3b586d6d-a0bd-4dd8-8967-97849a42e5d4,95812287-8467-4106-8428-bda958db9647,0236e005-79c9-482e-9afd-56cc13f46f5f,1,67.31,2024-01-13
25319b51-63e1-4359-a068-22a0eb480ef6,e0b3abbb-d871-4a22-aba3-3ec3a53731f0,31776790-4c36-40c1-913f-4205c4231c34,5,327.0,2024-03-16
1d8d9a82-6072-4355-99bd-4f83fcd405bb,95812287-8467-4106-8428-bda958db9647,c1dc27db-a050-4fa7-aa76-d45d814ed7d6,3,35.01,2024-01-18
4e8ca2fe-9266-4659-bc00-1694670a56f6,89084ac9-6913-42e8-bef3-d51fab7cd403,9a73faab-fdf9-4cf5-9d5a-f8172f4629ff,3,276.18,2024-05-03
2778f3f4-1588-4f54-bf54-e1aa797ae875,28164348-0641-4c94-b24c-ea0833bb074b,e6566c54-c05c-4dda-b0ff-d09bd9fa3929,3,33.36,2024-06-02
3e07826c-1880-490a-84c3-96edf1f1564d,3e4f5c58-0c9b-4f5b-837f-c5382f7581ad,67703ff0-4815-440a-a81e-57968bd14e2b,2,57.08,2024-05-11
63b1f0a6-8a7a-4144-a6a1-03bb28864f93,d264170a-8cb0-4fb9-a695-00dd8e53fb92,af3451f8-99e3-44c5-8c58-86ecb93c0e2f,5,313.35,2024-07-21
ae83893e-475e-4baf-b3d4-e6be122365d1,55dc1365-ac5f-43e4-84b4-320fda0625d6,67187417-b6b1-4295-8839-1671cbfe026b,2,80.0,2024-06-29
a65a5c18-de8b-4814-a9e8-01db156e4aa0,cdf8ab02-b40c-477a-8d97-99dc96f3e03a,1d7dce5b-4004-4bf0-9705-c4ccaafff80d,5,274.40000000000003,2024-07-12
14a0bd6a-4560-49e3-a5f4-e2fff006f3e5,4b033f4c-492c-4fd9-96e9-898c80c58fe3,9e3f2881-991b-4ea0-9c3d-8e3af1e0fe0c,4,127.48,2024-06-06
279bbb93-239d-4d78-b133-aed589df003e,95812287-8467-4106-8428-bda958db9647,1b996c3f-4979-49c6-ba5e-0c73b8399b07,5,171.64999999999998,2024-05-07
1efbb318-eb36-4212-b54c-57c4e0d2f5c1,99cd739c-eb09-4a53-9950-0967e8dedcf7,21ef9209-38e2-400a-82f5-40ce1cf0e059,1,75.98,2024-06-16
bf154314-e097-403e-885d-ef6e67cacad2,216d0d47-e41b-4357-a81a-073cfc9c15ab,67187417-b6b1-4295-8839-1671cbfe026b,4,160.0,2024-07-14
f5183586-c92d-44d8-90b3-efadf69ca296,a797f613-473a-4008-9e36-9f3487468bb9,343463fb-090d-4c25-8f0f-9b0b17de72f9,1,12.8,2024-02-29
0255a513-b77d-42a5-8e53-97c45a9e87db,c694fac6-12e1-4714-a33b-ce5001391112,88361930-a794-469f-9fa3-de94f7eab473,4,284.4,2024-04-11
9b54ae45-8a68-4995-a400-7fc108371b6c,4e1a1be9-d688-4f70-a960-bd76bb80780f,620c073a-dd65-48d0-a336-44f17abc24a9,4,75.4,2024-05-06
af0f99eb-a242-425c-a035-05d0591c2052,4e59d88b-630f-443a-90c6-b2560e1e2b19,431c5a98-b9d3-4649-b94f-c5e37724ae56,5,459.79999999999995,2024-04-06
f9451f1c-672f-4419-8dfb-2502046966f1,c8cd7976-db18-496a-896c-aa124eaaed92,383c8816-2964-49db-b286-84b12153b106,2,167.9,2024-08-13
e478116d-53e0-444c-8681-966f417209f4,1ba51ed4-9be2-4a20-bcf0-c80d1736aae7,8a23ba3f-f091-41b7-91be-2acb088aef2b,1,84.93,2024-06-28
affb21dd-94f4-4d6d-95a6-c7a3f62f2d6c,ea7ccb18-1167-4d5f-bec0-524a5ecf7bc0,348f0846-277e-44a7-ab35-8c1db8b6f853,1,49.58,2024-09-11
d31473d3-2a1d-4b4e-9db4-a3ad4d50a287,1c478ed4-5935-4d07-b4c4-c1ca450a9cff,d74ac098-d98a-4cb4-9395-886b8cc12777,5,114.9,2024-03-13
e3f9dd1c-dfce-4306-9c6c-611c485790c0,961fa80b-b168-4e56-bd5d-0f8698553533,31776790-4c36-40c1-913f-4205c4231c34,3,196.20000000000002,2024-09-02
62f3f390-5898-4f8d-a02f-26b24692d075,75d0314a-8818-4121-98d9-966eae42d43c,56c4b882-2231-4711-82e0-61b5e2a0b765,5,89.45,2024-03-19
985d7eb3-771e-4dac-a330-bd23dde38a2c,e37dfa15-da03-4b08-9035-a1adf2313058,2e698336-e9b0-44a1-8bed-bd5521b5dfff,2,180.88,2024-09-04
9f767f86-8d2a-42d1-808d-df6579699733,159ac2ec-2507-4ca7-8534-c416dfc748e7,0796a08d-4d9e-47da-9b0e-53b873fa04a8,5,444.7,2024-09-16
effa88a0-1975-42b4-ac1f-e4b82f041305,9b6321f4-1840-42a8-bf22-edd0cdd9b343,8a684eb7-2c57-4139-b3a3-7070fc74567a,4,333.92,2024-03-20
8aa5196c-70d2-45f4-8dfc-3ffb52e1c547,ad0ebc24-dc39-4947-bc38-39f9b4ffe0fc,0a677f7a-8466-43bf-a461-30795d46c17f,1,46.9,2024-05-08
1fe67280-6aa6-40f2-a748-0366b899a944,5b145ac4-2445-4f70-9535-9609f77226be,ffe63582-06e2-4b58-a0da-64e493423b9b,4,85.0,2024-04-19
8ed9164b-0dca-4025-9c5b-289106b04b33,12c9a879-747a-480d-a1cf-5dc8880808bd,f514930f-4328-44d0-8b53-4e497e30c7a7,4,145.44,2024-04-29
bcc09b80-fe84-4866-964c-b3da8f0b19d0,ea704efb-0136-43b9-ac45-e16a1419e79f,88361930-a794-469f-9fa3-de94f7eab473,4,284.4,2024-06-14
aa2b1b98-f1a1-4819-bbe3-dbd8378b4747,fcf72ac3-13b9-4951-98d1-73fa38d6b21f,04a6eac2-037a-483f-a390-529b6bdb96c3,1,90.94,2024-01-03
aa9900f9-248f-47f1-a639-aa6ddbb649bf,c2568028-2e1f-4067-86d5-d34177d00940,c6380e49-959d-43e2-a80c-edb3e1dba1f0,2,155.6,2024-04-18
9db02570-39db-4f1e-b482-f534e02e06df,60780234-89d1-4e55-a80a-502ce7102be9,994c5417-f6b7-448e-a2d2-43700bfeb997,1,92.18,2024-02-12
2329ff8d-429c-46ad-bfdc-5b0e921160b6,d0314665-111a-468d-9ba9-9c85b51d7812,c3c1e386-ea52-4318-a878-d16b181d7808,5,232.54999999999998,2024-02-18
e15e2fda-31c9-4fb3-aeec-d6b541ea6ed8,12fe03d8-ed02-4496-8dac-75a6e8f80342,1ca34a75-29d0-4f91-b113-01630ce59089,4,273.36,2024-08-17
68c78285-477d-404f-93ac-ad70119a0e1c,d0314665-111a-468d-9ba9-9c85b51d7812,d2252a1b-5031-488c-b366-7110d6761a9b,2,135.62,2024-02-13
c1c87521-7ff8-4b98-a135-c5f3e8b8000d,0c713a1c-92f7-477c-af16-391fccab9253,d2278519-3072-4ee0-87d0-d7a3bca8d155,5,323.65000000000003,2024-07-18
7ebe5a3a-bf4d-4944-bdab-5114ad7e21ee,a64c964b-92b8-4b1f-b8ea-4b2506bebb54,6980aba9-3cea-4e9b-9a58-f31150971687,3,279.54,2024-04-08
8bd8f221-27b9-4e18-bd5d-3e78157313be,a035f333-eb9d-42fd-9133-36ca4394f041,86a6593f-770b-4170-be6b-5cf483fc4676,1,20.7,2024-01-11
4651f6ca-5002-4edb-a4db-bd7fc41e7f0d,4e59d88b-630f-443a-90c6-b2560e1e2b19,57d9f152-e416-4d70-8be5-94f5c0477e91,1,54.57,2024-05-28
613789b7-ff3c-46ee-802e-9ad58f8f76eb,9b590424-9bb5-4541-bf26-d1fa879105d5,f69beddb-80e2-4ac2-ad96-f717389e0db8,1,98.8,2024-08-20
6e7c77db-15de-4a6f-b07c-ed6202a21917,99cd739c-eb09-4a53-9950-0967e8dedcf7,37d6c458-1a28-4ab1-a288-d16783d2ee23,1,73.01,2024-03-20
f973664e-088b-483f-8303-f659350862df,57034ba3-d106-4099-8ff8-499306cdfabe,b559dcd8-8117-4aab-8ac0-c2b9ffb24dc8,3,279.96,2024-06-28
b3c509a8-3915-46d9-93e6-e01aa8a03334,ad0ebc24-dc39-4947-bc38-39f9b4ffe0fc,8ed1e17f-fd0b-43f9-b200-cc7c39bde86b,1,76.11,2024-06-29
9292ad0b-3569-4b82-b2b4-72d9d58db44e,5c13d1f6-62e6-4e6a-a686-1b63ec4f8277,1f3c23fe-e838-48d0-9c31-d4893057edb5,3,51.300000000000004,2024-08-25
585d00e6-ecb8-43f8-959d-1a63c9c98c8c,c60699c9-3059-4c85-bef5-d7476f200644,5493d099-a1a5-4d8f-98f5-c64433421f7c,5,463.6,2024-07-04
9666601f-7f6a-4128-b067-a65d81e82d08,41a20684-f41d-4a96-bae0-ba5548d70559,87257176-4112-4d5c-8d0d-cc9079542d0b,5,395.4,2024-02-21
60b473f9-b2c9-493b-a4d2-8d82cff9a68d,7877ea43-5830-4838-bc72-80062906a6fc,1a652ab9-7279-427e-9c28-967ecca18eb2,2,184.98,2024-03-06
8e3956e9-264a-45fa-b08c-749390500c36,4baac050-09a5-43bc-afcd-23032f57e669,e41a1480-08fe-4d49-8b50-79da873a49c0,2,120.02,2024-04-05
856d08b0-7747-402c-89fc-494bd1746fa9,ade90fb9-ad25-4bf7-8ca3-85a72f29be2c,546df7ac-97a2-4225-acf8-1be768cff497,4,288.2,2024-07-02
e5e3fcd0-84c9-4edf-bf2a-2ef0f009ee90,8eb5ce9d-c7d0-4c16-b636-7c7eeb1431d1,d79ba2e8-5911-4e24-8d29-06a0827f9aa8,3,146.13,2024-06-22
3c064ca6-668b-4665-bb3f-b5280e68865d,4b033f4c-492c-4fd9-96e9-898c80c58fe3,15c58fdd-91e5-49eb-a140-86ff5d9ee14d,5,239.1,2024-06-12
e87e9c27-cbfd-426b-9307-46efe7f6490e,9caa4ec8-30fa-4ccd-9323-23f2c8f1b7b6,b3e339f4-ae58-4333-bede-36e69d72aa71,5,475.90000000000003,2024-06-03
72a617e8-284b-4314-b524-a4c4925459bb,d1acf386-0d9d-47d1-9c8d-0f0ea565c99c,18489922-7444-41ea-8918-8185ba2ae9ca,5,497.84999999999997,2024-03-13
b6b8f8a9-ff99-4df2-9ffd-61fd72743160,8c02930c-37cd-42e6-a258-78fe61235d8d,30577ae4-ea77-4e22-8648-ae672ad6440c,3,178.56,2024-05-01
4106019c-80be-4bb8-af5b-22e9eefcc20e,19b104bd-4045-4e60-80fb-52d1a855eb1b,c51e235c-ff2a-426e-a565-40b3c3ddc9d0,1,52.05,2024-06-08
25d75fb4-baf1-46af-ad08-dddd0f41e31f,a797f613-473a-4008-9e36-9f3487468bb9,132d2e96-5e1b-4c22-b4ac-d14ac3eb8835,2,75.6,2024-04-09
33eefd2b-8d82-46f0-a428-14500551363f,587542b5-f0e9-40dd-a627-6f80d931520a,eab15df9-3ff1-4411-a627-9cc58577f0bf,1,65.1,2024-09-08
5ad29c12-59da-4285-a59d-0a6a7c800290,04ec14c6-6a6d-478c-aa77-1487c528c7c5,5d9d9b3e-d72b-4349-af63-d8edb2b7a2c3,2,171.88,2024-05-15
cc6990e8-cfa8-45cc-bc8d-3dae9432be73,8eb5ce9d-c7d0-4c16-b636-7c7eeb1431d1,f19068c5-3477-421d-b718-79357d4c428d,2,153.76,2024-07-11
d5516e48-d563-4008-8c5b-2ca5fb9f9f21,eb04829f-14ee-42ce-93b8-262004df68bb,3f641aac-b081-473e-bc69-7d2ac824ba5b,5,246.95,2024-02-18
1986c188-cdef-4f36-aa13-887465d3ccf0,e0b3abbb-d871-4a22-aba3-3ec3a53731f0,d117c15a-c6dc-4de0-b4e9-5ab12992ecd9,3,166.07999999999998,2024-03-12
95bc501f-938d-4b59-a074-ebcd6f29a14b,d4a314b4-679b-43c1-a7ed-0d1e9103f9be,9c840474-f62a-4625-b276-7efc72823a0f,2,38.12,2024-03-30
8e318345-9f16-4aa4-aa9b-562cbcaf41b2,8c02930c-37cd-42e6-a258-78fe61235d8d,5ec670c7-2895-468f-ad3c-c74c94137d0f,1,57.83,2024-07-24
ee374db7-fb95-48cf-a571-85a52e1bdcf8,c8cd7976-db18-496a-896c-aa124eaaed92,3f641aac-b081-473e-bc69-7d2ac824ba5b,3,148.17000000000002,2024-05-28
5640c1c8-f4ab-4a1a-ae62-32594041c68c,ade90fb9-ad25-4bf7-8ca3-85a72f29be2c,72c52f11-5e8a-4f58-b6ab-424d6bf935dc,3,160.53,2024-05-08
3643c894-2fda-453c-972c-a01e0e717952,8eb5ce9d-c7d0-4c16-b636-7c7eeb1431d1,ef537bdf-9924-4680-8a0c-1bea3a86bac9,2,90.98,2024-07-09
b35953d1-8e4c-4e44-9912-8ab5408486b4,ca6a1df0-3cc7-4c9e-b7ed-f53d1a272f00,aa8a2950-0fed-4af0-a513-cb8f2899f4c4,1,74.71,2024-02-12
42b1e52e-0694-4553-8891-ece632ee6158,b37ccd28-c67a-4ea6-9b89-78503eda43cf,23139110-c5ca-4d2d-b3ae-7e1d9bd1a80f,4,46.8,2024-02-19
a9306fb5-6c6c-44c2-9681-8e7dc0f4c2b5,587542b5-f0e9-40dd-a627-6f80d931520a,39328122-f7d5-4943-ac1c-cedcb9d89c39,3,297.36,2024-03-20
447093bb-454b-4d49-8763-3778f6d6a457,38a244d4-b7ba-4b64-ab67-e5638195f503,84e05845-3a53-4bef-aeba-573f385b1e97,3,209.49,2024-07-18
319b3d0e-0f7a-4a24-8175-ca6273e75dec,5c8ca6c5-f27b-45a5-be5e-fb41e3342cbd,19f3b2bc-6fa0-4979-91f4-716cf58118e9,1,11.35,2024-02-06
50baf537-9f90-456d-839a-08b2d25a8b21,57034ba3-d106-4099-8ff8-499306cdfabe,d1163041-4a21-455a-9458-3fab356174da,2,33.06,2024-05-28
e703a85c-adff-4bc1-89ff-c848297634dc,04ec14c6-6a6d-478c-aa77-1487c528c7c5,3f641aac-b081-473e-bc69-7d2ac824ba5b,3,148.17000000000002,2024-08-27
67871a53-75ff-4e84-8b63-618b1ca58b9c,c8cd7976-db18-496a-896c-aa124eaaed92,6e625323-a823-46e5-9bd7-bb6335bed2d7,4,111.8,2024-07-03
7cb78a1d-f249-4be6-a0ee-d5da66129f04,8c02930c-37cd-42e6-a258-78fe61235d8d,2abb04fd-2bbe-4d03-80d2-7d766de2af97,3,227.13,2024-04-25
a58b7dce-f5f9-4513-8c8e-49a14c3e063c,1c478ed4-5935-4d07-b4c4-c1ca450a9cff,87dbc323-a971-48a5-9d21-630d1c488002,2,186.5,2024-06-25
246883dd-2785-4173-9a7e-80790ef8b569,19b104bd-4045-4e60-80fb-52d1a855eb1b,4cbe6e31-7fff-469a-bb50-ba7acdd423d5,3,199.17000000000002,2024-06-29
af19889d-c982-4f79-902f-b271c680585e,df7ada70-5505-46f7-b2b5-1b9990342c70,a402eb12-5700-46bf-96fb-7c71c7282c42,2,115.68,2024-02-26
4cf0defd-b4e0-4815-a226-4381aed75c97,b12d92eb-aabc-4a5a-8abe-b3cdc7ac9142,0533287f-7e41-4f4e-bfc5-b87ab464679b,1,41.63,2024-08-31
02775a65-c801-4c7b-ab57-11ba977f66ed,216d0d47-e41b-4357-a81a-073cfc9c15ab,8b6c9678-c606-4d40-bf16-22b1dd6cd168,5,192.65,2024-08-19
ba2bcdfc-c3c1-40fb-848f-fd7802484462,1de675ed-a606-48ab-8000-99954a4268d1,0e447461-60d0-4d3a-b9aa-c3f1f9f9b8c5,3,251.91,2024-09-19
943389dc-6474-49bb-9df0-27bdaf76750f,ade90fb9-ad25-4bf7-8ca3-85a72f29be2c,253997d1-bf65-4e34-aa50-8bfd4633ce52,5,400.90000000000003,2024-05-09
9f2b5548-5db8-4df6-b049-ceee73c37416,c29647ec-4eb6-4dc9-9d9d-092900fe6277,93abfdfa-5645-4770-b6a9-687eec9dd46e,2,85.12,2024-02-01
8cb9f1ac-de0f-4704-9b48-c535b113e5bf,ad0ebc24-dc39-4947-bc38-39f9b4ffe0fc,0f72f966-7347-4abc-8e98-db983dd188ec,5,489.85,2024-06-06
20990f87-fb6d-4d62-b945-f54c78636aef,df7ada70-5505-46f7-b2b5-1b9990342c70,5ec670c7-2895-468f-ad3c-c74c94137d0f,3,173.49,2024-04-24
2e9b294b-c4cc-4ef0-a8a0-500600b9a9fa,fa1f029c-d6a4-45f4-99de-5c4a59f19265,dc3423f7-c448-429f-af75-971d228f393f,2,96.18,2024-09-01
b61f7c42-c72c-4a65-a8a5-12e271f96643,a8a245f9-8bcb-4478-b039-18a6f9f16734,b186b16e-e900-45b9-8777-38d90a94acd2,4,55.44,2024-02-29
8bb1b824-4741-46e4-93cd-b7c0c8eff411,ca7898e9-7808-4240-9301-af370d6e3b88,4cbe6e31-7fff-469a-bb50-ba7acdd423d5,1,66.39,2024-07-24
e9c4f011-1eb3-47d0-b49e-a1151788fc89,89084ac9-6913-42e8-bef3-d51fab7cd403,7b525d98-217a-41a6-9dbb-e22b9bdd59ce,2,153.98,2024-08-29
c8de09f2-2086-4155-aca5-3a8f2387a885,36740042-b7b8-4c0d-a09a-4303a617906a,045fb500-b358-4528-b229-2b8d62be0aad,5,210.65,2024-02-03
7ee85a2e-14b8-48fd-8218-2b5d01d021bd,e37dfa15-da03-4b08-9035-a1adf2313058,d2f7c8f5-26ba-4438-af88-9396e601333f,4,269.6,2024-05-01
07a11fff-3f7b-4ab0-af8b-2d425141919c,7105096f-5e97-4d58-bbe4-4645e3670631,df57f498-bdda-4753-8928-7d6accd98ca0,1,45.04,2024-08-24
102d2b04-c68f-4cca-a4fc-855775191002,071a580e-66d9-421d-8dee-3415f3806229,9bcde439-e315-4805-bf06-828292444a79,5,393.6,2024-01-01
9cc51f58-0779-4989-9f2f-b669f3343194,df7ada70-5505-46f7-b2b5-1b9990342c70,dfd855bc-2fe7-4dcd-92b6-fc9a85b2926c,1,55.87,2024-07-17
dbacea7d-b26b-47ed-8dbe-776506f9760b,5cb20b9d-b7d0-43ed-89d6-c90d291dbc56,3f089759-ca2d-442e-b0d4-f31f261b916e,5,294.6,2024-06-26
c8c300b0-f197-4050-a8db-da75196a30b7,89084ac9-6913-42e8-bef3-d51fab7cd403,d0d12f71-b070-47bd-a559-a4f4c8263ffe,5,284.20000000000005,2024-06-26
e9484e30-7e1c-4ff5-9700-d317123b43e0,60c44073-c666-4294-b13e-d6f8aec1ece8,05b137cf-62f1-4f56-80e2-1e87e8f4dc12,5,461.1,2024-09-17
0cc1d73b-f786-472a-a0a0-6ba9c63b2c09,5c4ed71f-efaa-4ef7-9798-4bd879f8ff5d,696a2d6b-4821-42ec-a6a0-5bf28ddc0069,5,410.09999999999997,2024-05-17
0c534ab7-91e0-4a61-8b1f-fe3cc64c5339,180e5364-7204-45dd-9697-c1f6e12a9f24,4f0c5f86-b074-4ab0-bb51-2fb117987a3f,1,76.89,2024-02-11
242df57d-1658-4cc8-b281-960f6b20af5c,9b590424-9bb5-4541-bf26-d1fa879105d5,9bcde439-e315-4805-bf06-828292444a79,5,393.6,2024-04-04
abe155e8-3c24-4f57-a495-328138eff8fc,216d0d47-e41b-4357-a81a-073cfc9c15ab,1716325f-ab74-4ccd-b705-bca316f9bbf3,3,264.87,2024-09-24
83ad8587-3d65-488a-92ef-c6e486a4c2bd,8eb5ce9d-c7d0-4c16-b636-7c7eeb1431d1,2c684865-5c0f-4c60-bb4a-1119edc46dcb,5,413.84999999999997,2024-09-08
dad886c0-db7b-4692-bcd7-89fff7c1b410,4e1a1be9-d688-4f70-a960-bd76bb80780f,6802bee8-a45c-4f0a-8827-41e8541d55ca,5,70.95,2024-08-22
3e54dc3e-01aa-430b-aef8-4ec894ec7002,12fe03d8-ed02-4496-8dac-75a6e8f80342,67fc148c-c9c3-46d2-bd5a-ec5f2c952f77,5,429.25,2024-02-09
876557b1-5c88-42a0-8cef-32391b7dad32,3b3ea2e3-d36c-4a13-8b14-c45abdbd0ceb,70a4c546-962a-4694-8dba-1197317cdbfe,3,128.28,2024-01-29
9d625aa5-3877-4b2b-bbb1-e737b1a95adc,8c02930c-37cd-42e6-a258-78fe61235d8d,0533287f-7e41-4f4e-bfc5-b87ab464679b,5,208.15,2024-05-03
b2522888-35b2-49c3-9fc4-519837b30834,ed2e5c49-8f57-4684-b6c1-0b99bf39b3d2,3c5f2690-6791-4294-a0ac-4a9512e117e9,1,65.63,2024-08-10
0a2e3154-5bbd-4346-8003-638b667aeb28,0c713a1c-92f7-477c-af16-391fccab9253,7bfefaa0-9501-494f-906b-13e6f2715942,5,426.25,2024-07-26
54ca6d24-edb8-43e0-8691-c93bea4ed8c1,60780234-89d1-4e55-a80a-502ce7102be9,0d87fd07-b600-4fdc-bc1f-e4cfa88137be,1,93.23,2024-05-26
60dd759f-ddc8-4054-91e6-a5032dce6018,079185e5-d092-4638-8d78-87c369581a78,aa286730-fffa-4b9c-884e-3a41f093e805,3,283.08,2024-01-21
41c4c996-7638-4b11-846f-35608425035d,05a5f6dc-9859-4249-b432-99effc559860,dd054aa1-4a2c-4c41-aeeb-104604a9ee17,5,202.04999999999998,2024-07-12
2c835d15-f03a-432b-88c0-6296a11e9aac,ca6a1df0-3cc7-4c9e-b7ed-f53d1a272f00,6e8e7b0f-c0e5-42fe-ae8c-49cf2c0b9eef,5,474.15,2024-03-25
6842854c-763a-4ca2-a2b5-f9b6f0fd10b9,9b590424-9bb5-4541-bf26-d1fa879105d5,5ec670c7-2895-468f-ad3c-c74c94137d0f,4,231.32,2024-01-28
578f0da9-5383-4a61-ac29-5f0ca7650b83,9b590424-9bb5-4541-bf26-d1fa879105d5,ff765b3b-6eb0-4464-ac4a-4e59b8976f38,4,98.96,2024-09-22
5bb81223-d1b0-460f-947d-8ca55ebdaaad,89084ac9-6913-42e8-bef3-d51fab7cd403,56c4b882-2231-4711-82e0-61b5e2a0b765,5,89.45,2024-06-07
3a71b4e9-7de1-47ab-b597-a8d7090e173f,c8cd7976-db18-496a-896c-aa124eaaed92,0da202d2-b325-407f-9fe3-740d365c90ab,1,55.73,2024-05-04
c23a1a6d-8759-45e9-8ccf-77ca6841df69,6616a0aa-d9e4-479d-be25-9c0e2381f14e,f19068c5-3477-421d-b718-79357d4c428d,4,307.52,2024-07-09
3bd317a3-2bf6-466b-b7b9-6d96b110a7a8,93b16636-acfa-4d79-97c4-af6212c6267f,c1dc27db-a050-4fa7-aa76-d45d814ed7d6,3,35.01,2024-08-13
3ef65cc8-511f-4eb0-971c-c23dad48ef2e,079185e5-d092-4638-8d78-87c369581a78,e2a6c849-427b-4a12-a889-bcecb00e54bc,3,136.92000000000002,2024-03-18
5d8c0bb3-1b17-4baf-84b1-3e2ca92ccdf5,c1f6e8f2-ff94-45e0-88e8-3c217c6400b9,529c20ca-8a6e-449a-b23b-ccfa445ac6ab,4,160.92,2024-07-25
22246224-40cb-498e-b3f2-196c918e491f,4baac050-09a5-43bc-afcd-23032f57e669,ad48967a-cb3c-447b-bd87-83631522341b,2,120.62,2024-06-17
da1e66d5-ddea-4973-a7cd-8bbb80921217,99cd739c-eb09-4a53-9950-0967e8dedcf7,36611aa2-de9b-40a0-95ea-61222e5b6e05,4,171.92,2024-08-30
5607d728-e650-4483-b276-44bc44d59996,c29647ec-4eb6-4dc9-9d9d-092900fe6277,4f0c5f86-b074-4ab0-bb51-2fb117987a3f,4,307.56,2024-03-22
f75327a4-a110-4983-9ea9-8a7580cdbbd8,a9d5af76-b76e-4b30-bb57-f52bb7f4a55f,bd4c4bfb-41a9-47bc-a4c1-ed5a8eb21b3c,5,62.199999999999996,2024-04-02
9046d533-62f8-4a8a-9a24-5f5ce4861170,c2568028-2e1f-4067-86d5-d34177d00940,0d0b1fba-8305-4fd5-bb25-c5f4f165b867,1,13.05,2024-06-27
d72fc582-2e1c-4054-917f-5b5ef047215a,d4a314b4-679b-43c1-a7ed-0d1e9103f9be,faf63d42-f2ec-429e-b8f7-f3ca25129919,4,289.76,2024-03-16
7b3fca42-84ce-411f-9b26-6cefdd2eaa7c,1077fd72-d0cc-491c-ac75-5d57acc59a3f,4640b0a1-5425-438e-8ae3-86a22db4ed62,5,353.45,2024-05-28
2b71f5f4-6a7f-4ac6-8b5b-dafec231bbfc,89084ac9-6913-42e8-bef3-d51fab7cd403,44735279-91dd-419f-b1ac-bf9d7fde3b21,1,52.72,2024-02-13
c7325088-6431-45e4-8c0f-9bd948889031,01c914a7-3479-4e30-b242-a08d1a763b69,6a346235-6290-4ad6-bd25-aa38f06f4551,5,224.65,2024-02-10
ef9da772-13cc-441a-875a-493a778f0000,fcf72ac3-13b9-4951-98d1-73fa38d6b21f,c968dfe9-37ad-4947-8c38-396d931b0431,5,319.25,2024-04-29
67a8feae-dab3-4e8a-aeb4-484a96e3c46b,3c805040-24fc-44c5-a630-d4a53983240e,ae618d7d-df0a-4241-9925-403123b1c123,4,365.56,2024-03-21
963995b5-585f-47fd-97ab-1b8272b504a4,fd7f6e3e-c64f-49e3-a3a0-05023bf579d7,1ca34a75-29d0-4f91-b113-01630ce59089,5,341.70000000000005,2024-09-01
aaf7f820-4140-4eef-a3d3-3c41ca3e5c90,36740042-b7b8-4c0d-a09a-4303a617906a,cd027936-26d0-4e24-8fe0-ef01faf6a715,1,84.68,2024-08-21
289d1bb2-adf9-462a-9269-c9cc8aa4a54b,180426f7-8e08-4114-8121-0e9da1938656,c6380e49-959d-43e2-a80c-edb3e1dba1f0,1,77.8,2024-05-26
2fa93e27-aba9-49ab-8962-f67cc07e8e9a,a797f613-473a-4008-9e36-9f3487468bb9,44735279-91dd-419f-b1ac-bf9d7fde3b21,1,52.72,2024-03-22
dd798546-cbbc-48cb-9a50-a5f5620d14b9,7b93852a-a484-49d1-81ba-893baf50dbb4,4b0131ac-7757-4ce3-9ff6-8d6558140e4f,4,325.36,2024-04-09
046e611b-44e2-4313-9290-16fb0b2c41d6,41a20684-f41d-4a96-bae0-ba5548d70559,93db6cdd-2f65-4011-b0d2-725c57d79919,3,236.16,2024-07-22
592769e3-e851-488f-a067-f9904802e174,60c44073-c666-4294-b13e-d6f8aec1ece8,883b322a-2c8b-471c-be7c-8aaa7988dcd5,4,264.16,2024-06-19
61668c88-1411-4d6b-bcb6-d435e911952e,95812287-8467-4106-8428-bda958db9647,267224a8-b9db-4187-a9ba-4ceff427c62b,2,195.54,2024-09-15
724e11fe-8f83-4656-abe7-162ecb8a1207,3c805040-24fc-44c5-a630-d4a53983240e,17632bf8-217e-4289-b854-5a9bf79efdc2,4,326.56,2024-03-29
c1b56025-b684-4211-954d-3ba32af60861,c8cd7976-db18-496a-896c-aa124eaaed92,8dd90325-47ca-4db5-8ff4-1b93630ba307,5,157.95,2024-08-08
8d5299de-20d5-4086-9485-529ddb0c1866,7b0ecd7a-7767-425a-a995-94dcabfc99eb,56c4b882-2231-4711-82e0-61b5e2a0b765,3,53.67,2024-01-26
24fa6b97-88b5-45e2-bf29-170ec1b8efea,5c8b6b56-38bd-4049-986a-9b681a457c52,ea0a3a0e-6ed9-44d5-bd36-ffd35023ac64,5,487.35,2024-07-26
029384a3-06af-489c-a777-f04e0031d17e,8dc7bcc1-fc4e-4eee-b0af-53d18ba48748,c6380e49-959d-43e2-a80c-edb3e1dba1f0,3,233.39999999999998,2024-01-10
85f7d4ab-98c0-4472-964a-8fc4fd423146,8dc7bcc1-fc4e-4eee-b0af-53d18ba48748,6e5f4d3b-3c22-4d6f-ae86-374c21bc3f39,1,72.97,2024-05-17
5cbfc13f-c942-4856-98f4-cffc9dd99bf7,8dc7bcc1-fc4e-4eee-b0af-53d18ba48748,e6e8e8ec-4767-4d3c-9d08-2c89cf9ebd2f,2,36.66,2024-03-19
c0878a7f-6aec-4778-8ba5-6e46b52688cb,a035f333-eb9d-42fd-9133-36ca4394f041,20f814b9-bb3f-4f79-ad38-5be3bdafb9eb,4,70.32,2024-05-30
a9c1431e-b63b-4ace-a8b6-c116fcbe85da,c29647ec-4eb6-4dc9-9d9d-092900fe6277,6fcddcc3-f8c7-4a3c-9517-54102510a437,1,10.12,2024-08-25
df1f9ea6-ce0c-454c-9aee-38f93cbade5d,d1acf386-0d9d-47d1-9c8d-0f0ea565c99c,378e4244-2e1a-44e1-8ff6-297cbecd385d,3,285.54,2024-07-16
b26db74a-f99f-4329-926e-1ef0aed6e682,fa301584-a926-4b70-942f-5777ca72b386,1624ee60-d6b4-47ad-bbd5-4ae4fac1b212,1,76.5,2024-02-12
477bdf52-f9df-4c04-925a-c87345ec314a,6218e402-afa9-41ff-b1be-db372ed46d63,2d1a26ca-65b9-4ec3-9fe9-495b2d59555a,2,37.96,2024-03-29
230ecd6e-c290-4d88-8664-b03c3140003b,1ba51ed4-9be2-4a20-bcf0-c80d1736aae7,f4517fe8-c297-4044-bfba-47c507287e4d,1,18.85,2024-09-07
f84215d1-e11d-4a85-ae54-4bb2f08239c4,e37dfa15-da03-4b08-9035-a1adf2313058,8cb906fd-2ec7-4369-a99a-906375e28ec5,4,338.2,2024-02-03
7131a187-e335-4ca4-8038-94b4c0d9c51f,a1659acb-abc7-4ea7-a264-de8bed7b13ef,b186b16e-e900-45b9-8777-38d90a94acd2,5,69.3,2024-04-11
cf58345c-1d7e-48fb-9b68-58af0a87ef1d,b12d92eb-aabc-4a5a-8abe-b3cdc7ac9142,f7163add-fa60-4b8a-80f5-21bceb6d2200,2,164.88,2024-09-09
efb6f562-1766-4d01-959d-01a5fcd9a7cc,ea704efb-0136-43b9-ac45-e16a1419e79f,c1dc27db-a050-4fa7-aa76-d45d814ed7d6,2,23.34,2024-01-04
1bc49bc3-e8df-4b9e-be15-ef858619895f,d1acf386-0d9d-47d1-9c8d-0f0ea565c99c,5a4d026f-89ca-4f2c-b0e8-86b78a7c0807,3,290.64,2024-07-26
de4998cc-aac6-4b0d-b0b1-3a9e985b6306,12fe03d8-ed02-4496-8dac-75a6e8f80342,b186b16e-e900-45b9-8777-38d90a94acd2,5,69.3,2024-04-12
a8e007e3-91e8-41ea-b331-b46c6029bf81,75d0314a-8818-4121-98d9-966eae42d43c,05b137cf-62f1-4f56-80e2-1e87e8f4dc12,1,92.22,2024-09-24
3888a012-e781-4b7c-b1d2-77540a0e7757,9caa4ec8-30fa-4ccd-9323-23f2c8f1b7b6,83b46315-0d91-4413-8752-33853ea4615c,2,33.94,2024-07-29
380ae3c7-1587-4bb4-a8ae-b7e8238d8a47,e0b3abbb-d871-4a22-aba3-3ec3a53731f0,a192a64b-bedd-4592-82d9-75a1c358c38b,1,66.69,2024-04-19
d97f7d42-eba3-4059-9b31-9fb52da64fef,4baac050-09a5-43bc-afcd-23032f57e669,aa286730-fffa-4b9c-884e-3a41f093e805,1,94.36,2024-02-02
504466e4-17a9-40c7-b1cc-9db13ab07fa4,6616a0aa-d9e4-479d-be25-9c0e2381f14e,b39e55e6-f89f-47d9-a230-bc8002bf07b5,3,254.82,2024-05-30
f1e877c0-3810-4254-8e78-b717212bb28d,5c8ca6c5-f27b-45a5-be5e-fb41e3342cbd,343463fb-090d-4c25-8f0f-9b0b17de72f9,4,51.2,2024-05-05
e3cb13fc-5fa3-4994-a701-4d56d1c3a425,2eeb86d1-6bd3-43de-9a8a-1c002016f9b1,819cc347-8770-4d00-b4dd-1a2bed155535,2,142.74,2024-08-10
bf046dca-5bd8-41fd-ae8a-7eff41b77473,180e5364-7204-45dd-9697-c1f6e12a9f24,1b83310e-93a0-4c4c-a165-d47738bc0f05,1,63.79,2024-08-23
0f145a70-f868-4dde-b8cd-280dd97c761d,071a580e-66d9-421d-8dee-3415f3806229,2f869234-d3b3-4f20-b381-18ca5e5a5bd4,5,236.29999999999998,2024-05-12
735e9b89-d604-413c-864d-5e36204b9f0c,159ac2ec-2507-4ca7-8534-c416dfc748e7,b748617c-6b55-4a21-9c35-420b9b4f773a,4,231.92,2024-04-29
a72ab6f9-f293-41e1-8eef-0c7daef01388,a9d5af76-b76e-4b30-bb57-f52bb7f4a55f,f1d2b8f3-5cda-4e04-b3b9-3380745d7b73,5,450.75,2024-08-23
22b64c97-1c50-4f59-baf8-4dfdfe3f8a81,fa301584-a926-4b70-942f-5777ca72b386,55054492-504d-46d4-8e9f-f22dad46e4e1,1,85.25,2024-04-30
6b544f7f-d170-49aa-9021-c17c8e8f64f2,ca6a1df0-3cc7-4c9e-b7ed-f53d1a272f00,ecfa1024-9bff-41dc-9eea-c9dce154b298,1,78.09,2024-06-14
b374a3aa-88c3-4692-b096-0aa01926562a,fa1f029c-d6a4-45f4-99de-5c4a59f19265,c25b7ddd-8fc0-4199-87bc-87c857d5550c,2,129.96,2024-08-18
703bcc98-01a5-4c0c-b4c0-e9fe667691fb,12c9a879-747a-480d-a1cf-5dc8880808bd,414b1698-f4de-4416-b657-abfbe5e90498,3,77.01,2024-02-08
9b557b74-3faf-4b27-878e-b611bc1b94ff,05a5f6dc-9859-4249-b432-99effc559860,ef537bdf-9924-4680-8a0c-1bea3a86bac9,5,227.45000000000002,2024-08-28
68e33972-27b3-4020-bdb3-4be0417496c4,38a244d4-b7ba-4b64-ab67-e5638195f503,343463fb-090d-4c25-8f0f-9b0b17de72f9,1,12.8,2024-06-22
6c5c35ad-acfd-4168-9090-ba67dcde12ef,a9a9f4ce-c4ce-49a7-9853-aeb8d66efae7,0533287f-7e41-4f4e-bfc5-b87ab464679b,1,41.63,2024-06-05
4c9f2302-bfa8-44e2-bbf2-3cdfa22dadba,7105096f-5e97-4d58-bbe4-4645e3670631,034eac98-ea91-43ce-86af-1da7035c88a4,4,348.56,2024-07-28
344891fa-3013-40e5-b32e-e9ef619c0dac,180426f7-8e08-4114-8121-0e9da1938656,d6bf20e4-053f-4e4a-888c-e39956b76bb8,5,139.2,2024-01-29
6ff31126-befc-4c07-9ad0-8c886a12ce90,ad56e008-9d5c-431c-9124-77be554e3fb4,8d913525-d3bf-4ad0-b322-ae8dc26b67c6,5,287.85,2024-06-23
3592096b-34d1-4832-a1bc-2b65d9749a88,cdf8ab02-b40c-477a-8d97-99dc96f3e03a,1d5ae163-3ccf-4aba-8f51-06de91cad7ac,1,79.66,2024-08-12
bec4a40d-2dbf-426a-8e8d-558d91d60590,6616a0aa-d9e4-479d-be25-9c0e2381f14e,9fa7376c-9304-4448-8356-05349fd9a680,1,24.02,2024-08-17
6ebf9406-1f01-4641-b5e3-c54e208e01f5,fcf72ac3-13b9-4951-98d1-73fa38d6b21f,a67e80e9-5280-4daa-88b1-e57d01d80c9c,4,188.04,2024-03-11
c7b2bfac-248a-4e4f-9eaf-d65cb3bbbcde,5cb20b9d-b7d0-43ed-89d6-c90d291dbc56,6980aba9-3cea-4e9b-9a58-f31150971687,4,372.72,2024-04-01
0008c0ce-ebf3-4b05-a593-af93cf9a44c2,ad56e008-9d5c-431c-9124-77be554e3fb4,88555dc1-03d7-42e7-9649-a37d4bf9be24,3,85.23,2024-02-16
37f3e838-1bd9-4767-9cd9-0bcb92e50abe,45750465-2a7e-43b4-8444-bc6781295407,83e184c3-be43-408c-ac81-2ef854526208,2,120.56,2024-02-06
9cb08240-9fdb-4156-b178-cc940cc9dfcb,d0314665-111a-468d-9ba9-9c85b51d7812,378e4244-2e1a-44e1-8ff6-297cbecd385d,3,285.54,2024-09-15
c1f37122-88f6-4622-9fee-cd2db74ab46b,071a580e-66d9-421d-8dee-3415f3806229,f782f0d1-107d-4459-a52d-b2f6090fe7c2,3,296.43,2024-09-06
58bffffe-25f0-4223-9858-9170e4cf9a6d,a035f333-eb9d-42fd-9133-36ca4394f041,4640b0a1-5425-438e-8ae3-86a22db4ed62,1,70.69,2024-09-14
714951f1-cf20-4ace-85f8-ddd2d9813a37,5c8b6b56-38bd-4049-986a-9b681a457c52,19de65b6-ede7-49e7-b067-c8dcd9e633c1,1,27.05,2024-09-23
029656d8-fc17-4bb7-a59f-31a406bc1846,a64c964b-92b8-4b1f-b8ea-4b2506bebb54,a8fffade-94b2-4e21-9bae-8f79afeec2c5,5,494.25,2024-01-28
60e891d7-13da-4e54-8430-8ec8bdebb354,071a580e-66d9-421d-8dee-3415f3806229,c25b7ddd-8fc0-4199-87bc-87c857d5550c,1,64.98,2024-06-16
b5b03f3b-9a2d-40a2-a31f-f74b58d7c1a6,93b16636-acfa-4d79-97c4-af6212c6267f,f1d2b8f3-5cda-4e04-b3b9-3380745d7b73,4,360.6,2024-09-11
ff1de5b4-c156-44f3-be1b-23fcf5f6e1e3,99cd739c-eb09-4a53-9950-0967e8dedcf7,95b011ed-9599-44dd-8ac9-4db1ebee8ef2,5,185.9,2024-05-22
56bb6cb7-227e-452b-84d2-84146e671aae,6616a0aa-d9e4-479d-be25-9c0e2381f14e,dd054aa1-4a2c-4c41-aeeb-104604a9ee17,2,80.82,2024-01-12
9d915933-dfd9-4ca7-b8d1-7354184869e6,a64c964b-92b8-4b1f-b8ea-4b2506bebb54,04479b88-7851-4857-9376-88e47f5b573b,5,392.2,2024-04-21
a327a3d5-3f45-4ccd-afae-4961dad92746,7ed6fb05-ef3f-407a-976f-817fe9b13535,f698b59f-5ecc-495f-b06f-e83bd8eaf10f,4,375.56,2024-05-25
52549692-39bc-47fb-9ab4-fe11ec44fb51,c29647ec-4eb6-4dc9-9d9d-092900fe6277,17632bf8-217e-4289-b854-5a9bf79efdc2,2,163.28,2024-03-13
ab026671-23b5-443e-b4dd-804333399bb7,b460d820-2755-40fa-903f-709c854522e2,92aee6a0-b61c-42a3-a436-dd872b4ef5be,2,107.4,2024-03-20
915bc68f-ba95-4deb-b17e-a80bb0deb892,89084ac9-6913-42e8-bef3-d51fab7cd403,35c3a644-8aa0-4066-8daa-f8f2e9bb191a,5,187.89999999999998,2024-07-10
f474e918-60ab-4c50-81e5-4e8584454d0a,7e5c91de-ba29-461c-a2fb-96e21c965d7e,7b675290-abd5-4727-b3a7-35d23f01fff2,1,74.57,2024-02-18
8d27c495-a9ed-4df0-a9bc-68aec8eacfd8,8a0dd6d0-1cb8-4f8d-87ca-f976789a6dec,0dc06828-79bb-4be9-a99f-e7467190380f,3,140.94,2024-02-21
d134d592-d61f-4083-97fd-42ce2d85e88c,ea7ccb18-1167-4d5f-bec0-524a5ecf7bc0,18489922-7444-41ea-8918-8185ba2ae9ca,1,99.57,2024-06-10
9c86c9f9-ac0b-49ab-8264-fed434698acf,c8cd7976-db18-496a-896c-aa124eaaed92,67a93f56-ed51-4418-9ca9-0f34df821d99,2,162.64,2024-06-17
1a978078-b50a-47c5-b38b-40506d79d343,b37ccd28-c67a-4ea6-9b89-78503eda43cf,ba2d7a81-22a3-485d-b98f-048758277d91,4,260.64,2024-07-28
f036203c-cda8-464f-a457-07f13cd4efc7,ad56e008-9d5c-431c-9124-77be554e3fb4,57247ebb-c9da-46a9-8677-0a8e62f94dc8,5,230.0,2024-06-19
040ed6fb-98a7-4b3f-9f0b-9da2d4faac88,7105096f-5e97-4d58-bbe4-4645e3670631,475e77ff-779f-4029-840f-814c4e5de68f,1,63.21,2024-07-09
4f91dd52-5c5b-4b94-80d0-826770839574,ea704efb-0136-43b9-ac45-e16a1419e79f,57348243-a65e-478a-95c3-5357eee10405,1,87.71,2024-01-14
67aa1772-ce3f-4833-9de9-ad211d982c3f,1d726b2c-4c20-4529-9a9a-f6907905ce88,dc3423f7-c448-429f-af75-971d228f393f,4,192.36,2024-02-28
a17e7c52-b0ad-412d-94c4-a3257680b92d,a64c964b-92b8-4b1f-b8ea-4b2506bebb54,d50df9b7-b68a-478a-9551-78cd49f66557,4,263.6,2024-08-16
955b5dbf-3028-4368-9b9c-cac76a89644e,ad56e008-9d5c-431c-9124-77be554e3fb4,ae618d7d-df0a-4241-9925-403123b1c123,2,182.78,2024-08-03
1a46103a-03dd-4ac9-96d4-2d36b98d9085,1077fd72-d0cc-491c-ac75-5d57acc59a3f,e374b23b-e75f-4fa0-8f98-1a5935f88169,5,433.2,2024-02-14
d82eacad-f5d1-4e22-9734-31e77d1958fa,a290427b-cf90-4f3f-9baf-711b31ec4eed,af3451f8-99e3-44c5-8c58-86ecb93c0e2f,4,250.68,2024-02-17
2dfd99d9-9160-4918-abba-9a6d73857196,6616a0aa-d9e4-479d-be25-9c0e2381f14e,597f978f-6717-4ac5-9226-c5ed7a1f2652,1,61.19,2024-05-15
e5e2090e-4d70-4ae5-ba39-233583d20eb9,69f6ca19-562a-472f-b5b8-c2f7ae7b2e1f,44735279-91dd-419f-b1ac-bf9d7fde3b21,3,158.16,2024-08-06
142e9388-7d2c-4638-889e-4901235b7fcc,28164348-0641-4c94-b24c-ea0833bb074b,d74ac098-d98a-4cb4-9395-886b8cc12777,3,68.94,2024-07-03
71ec7623-5484-42e1-855d-99699e04141d,a290427b-cf90-4f3f-9baf-711b31ec4eed,6ab09719-f61d-49d8-9044-5581bf62605d,3,210.60000000000002,2024-06-29
e4c6e21b-72cf-4e66-9446-54a3fefdd845,5c4ed71f-efaa-4ef7-9798-4bd879f8ff5d,82e7f0b4-1416-4291-8e11-a5db85e1802d,2,149.4,2024-02-29
b2880242-6521-4b1f-95d2-48a0e901753f,d4a314b4-679b-43c1-a7ed-0d1e9103f9be,fe90403a-b35f-4dcf-a0cf-4b9df41c3f0d,2,47.82,2024-08-30
4ed34854-313b-4de7-9b9b-7f746332fb65,216d0d47-e41b-4357-a81a-073cfc9c15ab,cae3118f-1d99-4cda-a1a3-e17a1a1bb796,4,294.0,2024-06-10
8791d98a-230b-49b2-b8c6-539a573edc72,3315988c-8433-4d81-887f-1a3390e0a616,ad48967a-cb3c-447b-bd87-83631522341b,1,60.31,2024-04-11
586ce159-173a-4dd9-aa94-ef5a18bab2d8,5c8ca6c5-f27b-45a5-be5e-fb41e3342cbd,01caa6ce-14c9-4ec8-bd89-00290a107236,2,153.22,2024-08-14
e223c3dd-494f-453a-9a62-664ca5224b9f,c1f6e8f2-ff94-45e0-88e8-3c217c6400b9,a3e3625f-4f38-4acc-93d1-3ace0983cc3e,2,168.32,2024-02-18
5a6bb8e1-da3f-4b4c-84c1-c7fe6cc54b6a,7b93852a-a484-49d1-81ba-893baf50dbb4,6dc6b7a3-92a7-4219-a8eb-9626681b97af,4,329.44,2024-07-30
865d2466-8085-48d2-bb81-ee1538595e1c,9627ae80-2bfb-4725-9a1c-35e54c12e9e1,f0b43fd9-dbf2-454c-92b2-09106a7e947d,2,74.5,2024-04-19
5b03adb3-96cb-4450-8844-651b36ac19b1,ea704efb-0136-43b9-ac45-e16a1419e79f,4dd4213a-64be-44df-9b3c-d772333b9782,4,317.6,2024-02-19
3e5b9c49-6e45-44ba-9592-82400dd535e4,7b93852a-a484-49d1-81ba-893baf50dbb4,5c78da5d-0ce4-47e9-a0de-cde770eec932,5,160.39999999999998,2024-04-20
b157f007-6278-480b-904b-5a658e85a739,12c9a879-747a-480d-a1cf-5dc8880808bd,04ff6d89-d689-44fd-9258-44479d7ba701,2,189.34,2024-08-07
dc4cc836-d59e-4844-8e11-93aa7810d265,5cb20b9d-b7d0-43ed-89d6-c90d291dbc56,8dd90325-47ca-4db5-8ff4-1b93630ba307,3,94.77,2024-04-23
02f9e019-4c11-44c6-8ae1-d049d9191625,5c4ed71f-efaa-4ef7-9798-4bd879f8ff5d,3c5f2690-6791-4294-a0ac-4a9512e117e9,4,262.52,2024-03-18
de707fd3-305a-4cce-9121-f904551e6e22,05a5f6dc-9859-4249-b432-99effc559860,cae3118f-1d99-4cda-a1a3-e17a1a1bb796,3,220.5,2024-06-23
048d9388-0366-4d45-9d83-1dfd792aae8f,37ef76f8-7150-4e7b-9ed8-e3ee36354969,0d0f1f14-52ac-445f-9c81-53345548f4b9,1,39.03,2024-08-06
4d0cba9d-eed3-41d8-bf21-ba9301e13ea1,60c44073-c666-4294-b13e-d6f8aec1ece8,d318afa5-7142-4827-8648-268c4eabed56,4,237.56,2024-09-03
22be5eb5-f2da-4f14-8155-6dba558fdc33,4baac050-09a5-43bc-afcd-23032f57e669,5a4d026f-89ca-4f2c-b0e8-86b78a7c0807,3,290.64,2024-01-29
4f12ce9e-ee06-4da6-aaf0-1bdce324e691,57034ba3-d106-4099-8ff8-499306cdfabe,7b23f876-a3b0-4263-92fa-f97bc78e5b5a,4,393.8,2024-03-28
4cbba178-e643-43a3-88b6-83a86eddf7f6,fa301584-a926-4b70-942f-5777ca72b386,67187417-b6b1-4295-8839-1671cbfe026b,5,200.0,2024-07-29
1a6de73c-e889-4a90-b1fc-588c65e05481,3e4f5c58-0c9b-4f5b-837f-c5382f7581ad,45c0c296-d7cc-451a-ad85-638fdbda69e3,1,25.82,2024-05-26
ab396f9d-f7ff-4186-bc60-ac7d7b56fadf,9b590424-9bb5-4541-bf26-d1fa879105d5,ea736b82-8ea9-4f2e-91b5-0d8b02bf300d,5,470.7,2024-06-23
87083be6-9bac-44d4-a222-1c64b1f5a8b8,60c44073-c666-4294-b13e-d6f8aec1ece8,04a6eac2-037a-483f-a390-529b6bdb96c3,2,181.88,2024-07-06
457248b3-33fe-405c-ab05-746c567260d9,05a5f6dc-9859-4249-b432-99effc559860,f22cf127-5e4e-4645-91cb-e60a007df3c4,3,132.24,2024-05-30
2922035c-c39b-4516-92ef-e084ed21b00b,38a244d4-b7ba-4b64-ab67-e5638195f503,bba528fb-e84c-44f7-a8d1-8799e0a4767c,4,100.96,2024-01-02
8393c8ac-4f37-43c6-9d01-4a3ffa131c6c,c1f6e8f2-ff94-45e0-88e8-3c217c6400b9,a473e54b-b9af-47f6-8945-fbeeb2df4070,1,41.98,2024-02-01
1d21c4a6-e466-4389-8b5a-bad9482315b9,7b93852a-a484-49d1-81ba-893baf50dbb4,4c8e317e-0416-4b48-9dc6-4b2d990a05de,2,196.86,2024-04-22
3c34b06b-7713-4f85-a85b-5b1c0d1a2504,8eb5ce9d-c7d0-4c16-b636-7c7eeb1431d1,d318afa5-7142-4827-8648-268c4eabed56,1,59.39,2024-03-18
2e1c2855-1dbe-433c-8d56-92c016dfbb4d,9b6321f4-1840-42a8-bf22-edd0cdd9b343,3f5830b8-d113-4edd-ac81-cb3bab282e4e,4,184.44,2024-07-27
c251d603-664a-4e74-ad01-b88a3d425e97,4e59d88b-630f-443a-90c6-b2560e1e2b19,eeae5e94-ef5f-4297-8dcc-82dabb7252b2,2,88.42,2024-03-04
cc431ddf-9339-4097-b66b-896aeedac880,dc58557e-e622-4423-a91b-7b80af3a541d,c9c03645-61fd-44da-8511-57dc74ff0f50,2,94.1,2024-06-03
58871a0a-fdb8-4113-9d92-b6772260afd1,57034ba3-d106-4099-8ff8-499306cdfabe,f1d2b8f3-5cda-4e04-b3b9-3380745d7b73,4,360.6,2024-04-29
5f9653bd-7083-430c-8bed-804ac8c1549e,ba0fa5b7-e26c-4bdb-ab14-2aeee2c7d339,174e06b4-9159-46e8-aebf-2b598ad937a1,1,95.15,2024-07-02
c2a2c41a-f456-43e5-9a03-f84e71cd6021,a64c964b-92b8-4b1f-b8ea-4b2506bebb54,7703e0df-bb36-4bc0-95c3-4bd08deafb81,4,165.52,2024-08-25
1f6e8220-ad64-4e49-9d08-3f697e472b99,0b915975-50c5-48a1-9e23-46c9ac77b28f,d4161ea4-dab6-4275-acce-e8819f7d9ef4,2,183.74,2024-01-10
ecad3df6-474d-4b34-a6f9-ba15914750dc,7b0ecd7a-7767-425a-a995-94dcabfc99eb,6e625323-a823-46e5-9bd7-bb6335bed2d7,2,55.9,2024-02-28
d24e85d7-591c-4294-8046-77a3b98c1b69,9caa4ec8-30fa-4ccd-9323-23f2c8f1b7b6,81f01d66-f424-47f1-b0d4-c9146728e270,4,263.56,2024-06-08
a5e3d6de-0ba8-4307-bc3d-455937c86add,60780234-89d1-4e55-a80a-502ce7102be9,6d247a88-a7ea-4645-b7a7-c27bea843cc3,3,210.18,2024-08-06
9b96e12c-a9ae-462d-95f8-c1e42e47b22a,d0314665-111a-468d-9ba9-9c85b51d7812,57348243-a65e-478a-95c3-5357eee10405,3,263.13,2024-04-05
66052998-6c4a-4256-8a20-bd09887d6c91,36740042-b7b8-4c0d-a09a-4303a617906a,1b996c3f-4979-49c6-ba5e-0c73b8399b07,3,102.99,2024-08-18
533f3e4d-ac04-4599-97b5-e35fac4b720b,8dc7bcc1-fc4e-4eee-b0af-53d18ba48748,f48829be-0e4a-402c-a1de-0d10e9ffa5a2,2,100.02,2024-07-06
d30eac39-5b5c-4ff7-acc1-151ccce8d62c,cdf8ab02-b40c-477a-8d97-99dc96f3e03a,e6566c54-c05c-4dda-b0ff-d09bd9fa3929,5,55.599999999999994,2024-03-20
657c6381-1107-4f15-a431-f74822847179,1d726b2c-4c20-4529-9a9a-f6907905ce88,67187417-b6b1-4295-8839-1671cbfe026b,5,200.0,2024-03-15
8ec37f62-af34-4d56-8038-3839e460bebd,c2568028-2e1f-4067-86d5-d34177d00940,35099472-28dd-4f73-9a8b-251bef112e6a,5,399.7,2024-04-07
49ac9331-22a4-427b-b11e-a37ad8bf8708,4e1a1be9-d688-4f70-a960-bd76bb80780f,b748617c-6b55-4a21-9c35-420b9b4f773a,2,115.96,2024-08-19
e2ecfa04-5fa6-4c7e-b5bb-9c874da8cacb,7b93852a-a484-49d1-81ba-893baf50dbb4,12fd68fd-754c-4d5e-9757-4a09297c993b,2,25.44,2024-08-21
e6709f06-1c58-483c-81a5-31817166ecb9,ad0ebc24-dc39-4947-bc38-39f9b4ffe0fc,5a4664d8-1671-46a3-ab71-4edbee991d43,3,286.83,2024-02-29
b8388298-a1fa-4bf4-a300-aba3b39a3149,d1acf386-0d9d-47d1-9c8d-0f0ea565c99c,f3f549d2-5887-4022-95b9-5fc6364fa5a1,4,369.6,2024-05-13
e581fc40-4b39-4491-b907-93ea96bd60da,180426f7-8e08-4114-8121-0e9da1938656,0b2db08c-01fd-4fd4-82ed-8e4ee6552c68,3,149.55,2024-02-19
f200114e-03d7-4f80-bd04-9ca67024746d,dc58557e-e622-4423-a91b-7b80af3a541d,59835526-678e-4627-a869-6be2c42fd84e,2,140.58,2024-09-08
e51829ee-e95b-4d85-a194-afc806bb1fdc,7b0ecd7a-7767-425a-a995-94dcabfc99eb,fd867556-4adf-4529-b924-8d1af0820c72,3,129.27,2024-07-18
7038fe7a-6117-456c-85f1-d7b4f428cef0,c694fac6-12e1-4714-a33b-ce5001391112,284eb908-3035-4de1-a87a-5f2c98dd64f0,4,111.76,2024-09-14
18d004b0-23fb-4a4f-a7d5-838161a885bf,b460d820-2755-40fa-903f-709c854522e2,7da8aa7e-a091-4e68-b85f-c7d34d4186b7,3,227.04000000000002,2024-05-22
c3b83821-0523-44fe-b7c6-b77a4cdb80ba,c29647ec-4eb6-4dc9-9d9d-092900fe6277,3f5830b8-d113-4edd-ac81-cb3bab282e4e,1,46.11,2024-01-28
968a3e17-6434-4a5f-b843-b3e37b1953d1,99cd739c-eb09-4a53-9950-0967e8dedcf7,7b23f876-a3b0-4263-92fa-f97bc78e5b5a,3,295.35,2024-04-21
8086042d-f673-4248-b630-7a47c613924f,7877ea43-5830-4838-bc72-80062906a6fc,0a677f7a-8466-43bf-a461-30795d46c17f,5,234.5,2024-02-16
d0cdcb68-4bde-4036-a761-c949b524ae2c,4e1a1be9-d688-4f70-a960-bd76bb80780f,bbb7c854-3233-4585-a822-f109e939faa0,2,145.62,2024-09-01
d8f7701c-9825-49ba-b245-63d22791d3b1,d4a314b4-679b-43c1-a7ed-0d1e9103f9be,87dbc323-a971-48a5-9d21-630d1c488002,4,373.0,2024-01-02
8ef99a70-5cc5-4f70-81d9-8be5eb63e851,75d0314a-8818-4121-98d9-966eae42d43c,c968dfe9-37ad-4947-8c38-396d931b0431,5,319.25,2024-07-01
cba2ba09-7872-491d-badc-8f2069679188,cdf8ab02-b40c-477a-8d97-99dc96f3e03a,2a7c48fe-5948-4188-b158-252bbb47099f,5,122.4,2024-01-20
3149d4de-e625-453a-b00c-c156f0bca15d,37ef76f8-7150-4e7b-9ed8-e3ee36354969,808a48a2-c529-455f-ac18-b3b37894c6a8,1,22.18,2024-08-20
940c0371-7505-4776-8003-92b726e2831a,4b033f4c-492c-4fd9-96e9-898c80c58fe3,2e698336-e9b0-44a1-8bed-bd5521b5dfff,5,452.2,2024-05-26
de3201a0-aec6-455b-9740-2c8854dea017,5c8ca6c5-f27b-45a5-be5e-fb41e3342cbd,a98bae9d-519e-411c-9ed5-a24d654f0aa1,4,284.76,2024-01-08
380e850d-5312-4523-8f0a-1aa24faff63f,ad56e008-9d5c-431c-9124-77be554e3fb4,1d7dce5b-4004-4bf0-9705-c4ccaafff80d,1,54.88,2024-02-24
f896698c-45aa-4708-890d-e0e887d726ab,ad56e008-9d5c-431c-9124-77be554e3fb4,c1dc27db-a050-4fa7-aa76-d45d814ed7d6,1,11.67,2024-05-29
f9d2366b-cf67-4ad4-a54a-1627727ca7da,8dc7bcc1-fc4e-4eee-b0af-53d18ba48748,192fdcb8-43a5-4b09-9c3e-124c74681c00,3,219.69,2024-07-30
e5c9d52d-1dc8-45ea-9405-2b0b3e867cc3,7b0ecd7a-7767-425a-a995-94dcabfc99eb,8cb906fd-2ec7-4369-a99a-906375e28ec5,4,338.2,2024-06-12
e60c9446-7961-4be5-b5f0-c66d0dfdec96,a2b63e42-c11c-465a-afb9-9d35765d37f8,fcbeffb9-2176-4144-af3a-6ebc400ebd24,4,180.8,2024-06-02
c8953afa-357c-47f4-8015-aa8af7982c71,df7ada70-5505-46f7-b2b5-1b9990342c70,cdf4fd01-5e72-46f0-8a78-5fdfa380ccb5,1,38.59,2024-04-03
5715e96a-9a75-4107-8411-01d8334ffc33,7b93852a-a484-49d1-81ba-893baf50dbb4,0da202d2-b325-407f-9fe3-740d365c90ab,5,278.65,2024-07-27
961bf1f3-aa35-4a10-8dfe-1aaf727a1d75,df7ada70-5505-46f7-b2b5-1b9990342c70,9b70034e-5caa-4599-9c8c-4564eafa0b72,5,237.8,2024-08-17
2a95e111-6327-47b0-8170-852ccb9288b1,071a580e-66d9-421d-8dee-3415f3806229,728e5826-544a-4ddd-ab64-33c1bac75438,2,109.2,2024-05-09
5ff05625-8224-4454-a2c7-fc4ec3250065,697be568-23dd-43b8-a7c8-5683d9a5389a,5e707a99-bce4-4d7f-a52b-748c79c6c017,4,330.6,2024-09-02
91842d02-f7e7-4f3b-a531-63dc7968447e,ed2e5c49-8f57-4684-b6c1-0b99bf39b3d2,57d9f152-e416-4d70-8be5-94f5c0477e91,5,272.85,2024-08-21
689dd94b-d0f7-4f8e-b23f-845eac631981,fd7f6e3e-c64f-49e3-a3a0-05023bf579d7,c198e043-31e7-438a-9de0-906ad3cea887,4,292.52,2024-02-01
e6f3f92b-7a25-4f82-9a41-be76776e0802,1d726b2c-4c20-4529-9a9a-f6907905ce88,3887bfcd-e3d3-4d2f-8901-33809d410399,5,324.54999999999995,2024-07-29
860c8463-ee61-4a06-8ed7-8b8c1de129d0,180426f7-8e08-4114-8121-0e9da1938656,45c0c296-d7cc-451a-ad85-638fdbda69e3,2,51.64,2024-03-30
e501d81a-38a8-45f3-adb3-a2cbe12499fd,fd7f6e3e-c64f-49e3-a3a0-05023bf579d7,ad94962a-e2ff-444a-941b-2ef5512f687d,1,40.15,2024-08-30
cb568e59-c698-413a-bc69-c7a8b4502e9f,60780234-89d1-4e55-a80a-502ce7102be9,f7163add-fa60-4b8a-80f5-21bceb6d2200,4,329.76,2024-09-13
6c603baf-9dcf-4d53-b9c9-714bf47f2f0b,a035f333-eb9d-42fd-9133-36ca4394f041,a8061016-4788-410c-bcc0-33d2e7ed3100,3,238.64999999999998,2024-05-21
d73d5310-aa49-4a85-aca0-cffb2a5430d6,a8a245f9-8bcb-4478-b039-18a6f9f16734,0b2db08c-01fd-4fd4-82ed-8e4ee6552c68,1,49.85,2024-07-26
76140105-5237-488e-ab7d-6a8059acb073,69f6ca19-562a-472f-b5b8-c2f7ae7b2e1f,9fa7376c-9304-4448-8356-05349fd9a680,2,48.04,2024-03-22
12a661ed-246a-4468-8875-7d589fd683ee,60780234-89d1-4e55-a80a-502ce7102be9,88f69017-670c-48b4-8109-914aa1047dfe,2,32.16,2024-03-28
8636fd35-40c5-47e2-958e-3e489703a02f,04ec14c6-6a6d-478c-aa77-1487c528c7c5,e37ce699-4338-42c7-b43d-d60b642795a0,5,495.7,2024-03-13
fd42d5bf-2b59-4c12-9bb4-33fec17f35fa,75d0314a-8818-4121-98d9-966eae42d43c,f31f431b-426f-4ddb-a938-d7fbbf7d24ea,2,42.98,2024-06-11
b87b01ff-f521-4b56-8cd1-513e6d58d161,a035f333-eb9d-42fd-9133-36ca4394f041,cbe9f23a-8345-4012-81bc-23b77792d855,5,440.3,2024-07-24
84ddf1b1-470d-4094-8343-67cd2085b32a,1c478ed4-5935-4d07-b4c4-c1ca450a9cff,7c0eee0c-b5be-4d7a-9fdc-7002a02fb182,5,475.09999999999997,2024-01-26
5145dd45-e017-470c-80a2-69c8a44d875f,d1acf386-0d9d-47d1-9c8d-0f0ea565c99c,9977d22d-9a29-4ed3-83d2-376894c98f05,5,112.2,2024-02-19
30d95f8c-72c9-498d-9fd3-60c29ba73994,6616a0aa-d9e4-479d-be25-9c0e2381f14e,3f089759-ca2d-442e-b0d4-f31f261b916e,2,117.84,2024-02-11
3a5cbee0-6a9e-432b-a218-939a14ee428f,5c4ed71f-efaa-4ef7-9798-4bd879f8ff5d,7724981f-5781-4ea2-a4ac-d65a9dd1d7ce,4,173.6,2024-09-03
d6d59d1e-050a-4b67-87fb-47f15d77eefb,a8c09f91-2286-47c0-a1b6-236e617ec489,19169506-63d3-46f6-8d31-a34c7a5965f3,3,267.39,2024-07-09
32a4ccbf-8cd6-4a46-8630-6b64df73a79e,9627ae80-2bfb-4725-9a1c-35e54c12e9e1,9dd3c01b-a4f0-477b-b5af-294385e10291,3,97.08,2024-09-17
df4aae75-4643-434d-9452-4d5a96501045,5cb20b9d-b7d0-43ed-89d6-c90d291dbc56,9e3f2881-991b-4ea0-9c3d-8e3af1e0fe0c,2,63.74,2024-04-22
dbc792e6-87a5-4481-a13b-5f6189497608,c2568028-2e1f-4067-86d5-d34177d00940,7fa9c65f-42bd-4847-be6f-a8120664c180,3,146.25,2024-01-19
b7e57197-da59-4d90-b25a-19aeb8ab50f9,ad56e008-9d5c-431c-9124-77be554e3fb4,79f80230-deca-433f-a221-4e4ebea0fc06,5,485.75,2024-08-07
237b94ea-bab1-4f37-9765-4ad8f28bcabe,5b145ac4-2445-4f70-9535-9609f77226be,6ab09719-f61d-49d8-9044-5581bf62605d,1,70.2,2024-06-07
47961747-b5b9-4d31-8fe5-e7ee35526553,45750465-2a7e-43b4-8444-bc6781295407,04ff6d89-d689-44fd-9258-44479d7ba701,4,378.68,2024-08-22
d4ac1083-b85c-4656-b8dd-6af8488a643c,ad0ebc24-dc39-4947-bc38-39f9b4ffe0fc,9851885c-c93d-481a-ad14-60f651dfa952,5,58.449999999999996,2024-08-10
1c145f33-c446-45f3-968b-c3a9217605cd,ee26e0f1-de58-458f-8504-2b436c4a2472,f19068c5-3477-421d-b718-79357d4c428d,3,230.64,2024-01-12
44219cb6-3713-4e9c-a4bb-ffe6bb8bb134,6218e402-afa9-41ff-b1be-db372ed46d63,0c126e17-583a-4fbe-9d56-c827163e9665,1,47.17,2024-05-26
7281a651-d169-4014-8295-37e265deca74,04ec14c6-6a6d-478c-aa77-1487c528c7c5,c198e043-31e7-438a-9de0-906ad3cea887,2,146.26,2024-06-01
2d41483e-e54f-4ea0-86f7-12f062fb0c18,1ba51ed4-9be2-4a20-bcf0-c80d1736aae7,3fba7071-7d95-4b73-926a-603970541421,5,107.10000000000001,2024-07-20
0cf66a07-496c-47d9-b1cf-177da0d7d35e,0b915975-50c5-48a1-9e23-46c9ac77b28f,3f5830b8-d113-4edd-ac81-cb3bab282e4e,3,138.32999999999998,2024-06-27
98ba8f67-49c6-43aa-a36f-636dadfc5996,ad0ebc24-dc39-4947-bc38-39f9b4ffe0fc,cb850dfc-b644-41de-bd51-2e7a99d6ff66,3,61.5,2024-08-18
e813d053-0486-4e57-bd3f-73a5f2431ac3,38a244d4-b7ba-4b64-ab67-e5638195f503,034eac98-ea91-43ce-86af-1da7035c88a4,1,87.14,2024-08-08
dd07e6dd-758f-465b-bddd-2c3804bc51b9,36740042-b7b8-4c0d-a09a-4303a617906a,1ca34a75-29d0-4f91-b113-01630ce59089,1,68.34,2024-05-15
32c86db1-51ba-46bd-9801-411a17809669,ca6a1df0-3cc7-4c9e-b7ed-f53d1a272f00,57348243-a65e-478a-95c3-5357eee10405,3,263.13,2024-08-08
ade5da86-e331-4e8c-90f3-55a2b5c7722e,9b6321f4-1840-42a8-bf22-edd0cdd9b343,f5be09a2-8409-483a-988d-4417c1bdfa4b,2,191.28,2024-08-11
0c29dc99-dde5-4757-8728-066d39ca26f4,1077fd72-d0cc-491c-ac75-5d57acc59a3f,79f80230-deca-433f-a221-4e4ebea0fc06,5,485.75,2024-04-28
da209df6-6394-4d48-b824-731a60fe1187,36740042-b7b8-4c0d-a09a-4303a617906a,431c5a98-b9d3-4649-b94f-c5e37724ae56,2,183.92,2024-05-30
7be932a2-55bf-4313-af87-ae426d180fe9,3e4f5c58-0c9b-4f5b-837f-c5382f7581ad,fe3dd93c-103c-450b-b68c-f34adc288b84,2,31.58,2024-02-20
3d4ba35f-d691-4640-841b-373a3feac90c,0c713a1c-92f7-477c-af16-391fccab9253,2c684865-5c0f-4c60-bb4a-1119edc46dcb,2,165.54,2024-06-29
63b0c30a-6eb1-4c94-8cb6-6615e717046f,cdf8ab02-b40c-477a-8d97-99dc96f3e03a,b860b06e-6b14-428f-8ea3-c9905b88e8da,2,143.68,2024-03-15
b2c23c9d-2a9d-4cf8-a3c3-e18146d9857d,38a244d4-b7ba-4b64-ab67-e5638195f503,9e3f2881-991b-4ea0-9c3d-8e3af1e0fe0c,5,159.35,2024-04-04
6a275f0e-a621-4733-b097-80f6cbe4a1f0,a290427b-cf90-4f3f-9baf-711b31ec4eed,d4dcbf03-234f-474b-bd1e-2f5821dd4edf,4,260.2,2024-01-08
32f887b1-b4c8-4e91-a4d6-8fc5b75a73d2,3b3ea2e3-d36c-4a13-8b14-c45abdbd0ceb,0a677f7a-8466-43bf-a461-30795d46c17f,1,46.9,2024-01-24
995ab163-d9c5-42bf-88d6-b91d91251d03,ed2e5c49-8f57-4684-b6c1-0b99bf39b3d2,7da8aa7e-a091-4e68-b85f-c7d34d4186b7,5,378.40000000000003,2024-05-25
385f4ebe-1598-4b23-bba1-c14e5dd1c6db,b37ccd28-c67a-4ea6-9b89-78503eda43cf,5deae7f9-bc21-4438-882d-74cab4f668c4,2,42.04,2024-04-12
d0b3f00d-6250-4dcd-9744-dcdb46f449cd,a035f333-eb9d-42fd-9133-36ca4394f041,4f0c5f86-b074-4ab0-bb51-2fb117987a3f,2,153.78,2024-03-04
d24785a8-c0ae-46b9-882d-d3af4989bd03,df7ada70-5505-46f7-b2b5-1b9990342c70,597f978f-6717-4ac5-9226-c5ed7a1f2652,5,305.95,2024-01-09
f8a5dd73-2849-4804-b88f-7cc740d2f163,ca080fcf-6a1d-4678-aa79-c7f78d94d5f0,a98bae9d-519e-411c-9ed5-a24d654f0aa1,1,71.19,2024-01-03
95145246-3c4b-4846-9979-44943feeb336,ee26e0f1-de58-458f-8504-2b436c4a2472,12fd68fd-754c-4d5e-9757-4a09297c993b,3,38.160000000000004,2024-04-22
e70dfee3-10a1-4d7d-a9fc-e0181f0e4ee8,5c8ca6c5-f27b-45a5-be5e-fb41e3342cbd,7b675290-abd5-4727-b3a7-35d23f01fff2,2,149.14,2024-09-17
c0aac7d8-8dc6-4ede-8071-5b3e2f504931,c1f6e8f2-ff94-45e0-88e8-3c217c6400b9,2abb04fd-2bbe-4d03-80d2-7d766de2af97,4,302.84,2024-06-07
cb0aac59-2a1d-468c-afc0-ccc4c933301b,3315988c-8433-4d81-887f-1a3390e0a616,87257176-4112-4d5c-8d0d-cc9079542d0b,2,158.16,2024-04-19
49a57255-4aba-4c1b-bf51-5ee3736383a5,5c8ca6c5-f27b-45a5-be5e-fb41e3342cbd,df0347c5-7468-4d88-bc08-8d2923c10a05,2,148.38,2024-01-01
2331136c-8c4e-4062-8b0b-a7323f0ce3ae,2eeb86d1-6bd3-43de-9a8a-1c002016f9b1,7b525d98-217a-41a6-9dbb-e22b9bdd59ce,1,76.99,2024-04-24
e18c0156-417e-4b25-918b-006c2d468f06,37ef76f8-7150-4e7b-9ed8-e3ee36354969,29a6dc3b-018a-4131-a77d-f2bef011a403,3,195.87,2024-07-24
7df370db-8b03-474c-8679-dd3d48ec134b,5c8b6b56-38bd-4049-986a-9b681a457c52,cd35a450-e6df-4076-8364-0d0037eea80d,5,164.65,2024-07-25
8ba9fc02-f01b-4b41-b206-4d3afd1581fa,c2568028-2e1f-4067-86d5-d34177d00940,a9f5bda2-c030-46a5-82f0-3b675fb5e115,5,443.5,2024-09-21
c73f5714-a0d6-4203-b8aa-06b4f2171296,fcf72ac3-13b9-4951-98d1-73fa38d6b21f,32ea307b-16af-48e4-b001-7a2ee4960dc6,3,122.25,2024-06-19
44a61fb8-8a60-4b3b-a389-e0ddd2ba4a42,079185e5-d092-4638-8d78-87c369581a78,7724981f-5781-4ea2-a4ac-d65a9dd1d7ce,3,130.2,2024-05-23
400417e3-6628-4105-8b4d-6ae3c289e50a,a797f613-473a-4008-9e36-9f3487468bb9,f0b43fd9-dbf2-454c-92b2-09106a7e947d,2,74.5,2024-04-29
d6ba107d-bd7f-4c60-bbab-c0a867d89c7a,8dc7bcc1-fc4e-4eee-b0af-53d18ba48748,d2278519-3072-4ee0-87d0-d7a3bca8d155,1,64.73,2024-05-01
7ef5fd75-118c-4778-a552-e7f670e298dd,d1acf386-0d9d-47d1-9c8d-0f0ea565c99c,546df7ac-97a2-4225-acf8-1be768cff497,1,72.05,2024-02-18
cc719a4a-6281-4262-8342-7117efc31085,d0314665-111a-468d-9ba9-9c85b51d7812,4f0c5f86-b074-4ab0-bb51-2fb117987a3f,5,384.45,2024-08-22
f19f39e9-3cb7-44e2-a0a2-5766c88f9610,e0b3abbb-d871-4a22-aba3-3ec3a53731f0,c11533b5-a5d4-47d6-8580-2d55f954fcfa,3,55.89,2024-03-26
ec2c9f63-9287-436f-8a7f-773d44866685,12c9a879-747a-480d-a1cf-5dc8880808bd,86a6593f-770b-4170-be6b-5cf483fc4676,5,103.5,2024-04-10
457edd6e-8027-4bab-869b-19959f9704e5,93b16636-acfa-4d79-97c4-af6212c6267f,c1528fc0-3bb5-48e2-a1bd-a7a06f6b501b,4,338.92,2024-09-04
63a2bfaf-7aec-4aa7-b562-7341d5ceaaed,55dc1365-ac5f-43e4-84b4-320fda0625d6,db0a081b-8aed-4d50-9113-1b76665b1a53,2,79.92,2024-02-11
eca2a521-8bc8-4748-9c89-40bf02ad9a9d,a9d5af76-b76e-4b30-bb57-f52bb7f4a55f,9b1c2252-609f-4916-bf64-58a354b26d27,2,35.48,2024-02-11
3b167ed5-0e1b-4a39-98d2-dde230062551,9627ae80-2bfb-4725-9a1c-35e54c12e9e1,a192a64b-bedd-4592-82d9-75a1c358c38b,1,66.69,2024-03-02
a02344a9-e537-4f95-bc0b-fe0006d02552,accb5fd5-daf1-4472-8b46-fe5eae38c243,230414e5-ff7a-4a93-aca7-4b119af76fd9,3,159.42000000000002,2024-07-06
d832e3cf-80e5-40f7-bcf6-d00db2d9294f,180e5364-7204-45dd-9697-c1f6e12a9f24,f53fd092-e7ba-490e-97b3-60786110b556,5,274.15,2024-03-29
ec166a2e-767b-4caf-9bb9-33f8d3ab9d02,a2b63e42-c11c-465a-afb9-9d35765d37f8,ffe63582-06e2-4b58-a0da-64e493423b9b,2,42.5,2024-03-12
5489b5d6-7e0f-4ed3-a31b-57f72cc12bb9,7105096f-5e97-4d58-bbe4-4645e3670631,d6bf20e4-053f-4e4a-888c-e39956b76bb8,1,27.84,2024-07-29
6f2de588-fdc7-4fda-9ab9-2df9648ec5b1,216d0d47-e41b-4357-a81a-073cfc9c15ab,963dc4b7-b699-44f8-9bb6-a61dc74f0abc,3,216.39,2024-01-23
0e06b58a-45f8-4e7f-a966-4e9ae56af097,accb5fd5-daf1-4472-8b46-fe5eae38c243,6e8e7b0f-c0e5-42fe-ae8c-49cf2c0b9eef,2,189.66,2024-09-05
c32aefe2-44b8-406d-8613-b0af7a4a4bfc,ed2e5c49-8f57-4684-b6c1-0b99bf39b3d2,267224a8-b9db-4187-a9ba-4ceff427c62b,4,391.08,2024-08-11
bb8d295f-49dd-4a3c-bcd5-42018fdac1a9,c29647ec-4eb6-4dc9-9d9d-092900fe6277,e3a508c6-cc70-426d-bc2b-9835393b2047,1,83.06,2024-07-12
4b0f4958-7e97-4e3d-b396-eae53afdadab,c2568028-2e1f-4067-86d5-d34177d00940,bd4c4bfb-41a9-47bc-a4c1-ed5a8eb21b3c,1,12.44,2024-07-09
6885eb08-15cf-4b55-9e3d-a67785041e50,3d7e0c1e-ed8f-483b-8c34-df71e0a37c2c,fadc30d7-6110-4c14-8ddd-1c42075b0acb,4,166.92,2024-08-07
2d52dd35-d90d-493e-bcb5-489815b21a46,d0314665-111a-468d-9ba9-9c85b51d7812,f698b59f-5ecc-495f-b06f-e83bd8eaf10f,3,281.67,2024-05-18
9481daa3-e663-44b6-bba5-e3f99ab1d3fe,5cb20b9d-b7d0-43ed-89d6-c90d291dbc56,bd3a3065-68c3-4853-9788-a5431d3de2cd,4,55.92,2024-09-19
0d0f9d27-6d8c-4d00-8fe3-91e90d370f70,7e5c91de-ba29-461c-a2fb-96e21c965d7e,4ab5eb5a-bced-4350-a9b3-506ac50cf767,2,141.32,2024-09-21
f4a9ab11-9e0b-439f-93a1-6e6e35bc2c65,fcf72ac3-13b9-4951-98d1-73fa38d6b21f,f782f0d1-107d-4459-a52d-b2f6090fe7c2,4,395.24,2024-02-03
9ae42cb7-a81c-49a5-899b-7625d19b4a8a,5cb20b9d-b7d0-43ed-89d6-c90d291dbc56,b2f93ab2-62a1-49b1-9aa0-f4813492c612,5,423.40000000000003,2024-02-16
0d54125a-8c74-44f2-9ddc-bc91ffbb853a,99cd739c-eb09-4a53-9950-0967e8dedcf7,5bcf7ae6-9122-47c6-a5cd-a0f26948b37b,1,77.33,2024-03-07
ad6529c3-d5e8-4662-92c1-f19751e6bd8f,7b0ecd7a-7767-425a-a995-94dcabfc99eb,9cf46b66-0468-4f6d-91ad-79cb5c35095c,2,179.06,2024-05-04
5400a1b2-03be-4f78-9b89-444ec824b59a,180e5364-7204-45dd-9697-c1f6e12a9f24,2db9c360-8c86-44cc-b1e0-ad464df29e39,2,24.98,2024-09-05
010a563d-9ecd-4499-a98c-47be3a98211b,a2b63e42-c11c-465a-afb9-9d35765d37f8,1f3c23fe-e838-48d0-9c31-d4893057edb5,3,51.300000000000004,2024-08-22
8a62deb9-d15a-4326-8cca-cf988337be3a,3e4f5c58-0c9b-4f5b-837f-c5382f7581ad,3887bfcd-e3d3-4d2f-8901-33809d410399,2,129.82,2024-01-15
38d75458-6754-4601-802a-6bcd0d308f67,071a580e-66d9-421d-8dee-3415f3806229,9c840474-f62a-4625-b276-7efc72823a0f,1,19.06,2024-03-22
e2b70da0-cc4f-434b-b29d-e70d94182dcb,41a20684-f41d-4a96-bae0-ba5548d70559,6d7bcf6c-ea38-434d-818b-cc1d7021e53e,3,127.08,2024-05-26
8f826fa8-4522-414f-bdcd-5cce7e47779f,ca080fcf-6a1d-4678-aa79-c7f78d94d5f0,c129351a-576e-4de8-8bad-302a67dbd614,1,10.98,2024-03-09
c5a3004e-5036-42c6-a5b6-a27b97335510,60780234-89d1-4e55-a80a-502ce7102be9,5e4b88a8-540c-4170-ae75-63ff9a9c124f,2,160.22,2024-03-04
dfe383a2-ac0d-440d-b87f-d2abf1b298f5,a2b63e42-c11c-465a-afb9-9d35765d37f8,a3e3625f-4f38-4acc-93d1-3ace0983cc3e,3,252.48,2024-04-18
58517ab3-4570-45ee-b097-2b9ebcb673d2,c2568028-2e1f-4067-86d5-d34177d00940,4ae285e2-12d6-4672-b0e0-cb033f55ecaf,5,481.25,2024-07-26
f7cf12d5-4c81-4285-9efe-f8c49f6919e4,accb5fd5-daf1-4472-8b46-fe5eae38c243,af3451f8-99e3-44c5-8c58-86ecb93c0e2f,2,125.34,2024-02-29
43e377d3-7f87-4a93-911e-96f569ba2886,7b93852a-a484-49d1-81ba-893baf50dbb4,95b011ed-9599-44dd-8ac9-4db1ebee8ef2,4,148.72,2024-03-03
394ae3b0-03d8-4c3d-8191-e659d0e75d79,3b3ea2e3-d36c-4a13-8b14-c45abdbd0ceb,30577ae4-ea77-4e22-8648-ae672ad6440c,5,297.6,2024-04-16
97f97e6d-f3f2-4a29-89fa-82ca086c3398,1ba51ed4-9be2-4a20-bcf0-c80d1736aae7,f7163add-fa60-4b8a-80f5-21bceb6d2200,5,412.2,2024-09-06
6a11699b-fb00-4f57-aaa1-18f6ab484526,a797f613-473a-4008-9e36-9f3487468bb9,6802bee8-a45c-4f0a-8827-41e8541d55ca,5,70.95,2024-02-16
d2d18ed7-e53d-4132-8887-fd6586d7ba71,c2568028-2e1f-4067-86d5-d34177d00940,93145f69-f6d5-433c-961d-f1db45cc81b7,4,317.76,2024-07-19
b3cb6bad-6b6c-4101-ac2e-39d3fc16c60e,5c8ca6c5-f27b-45a5-be5e-fb41e3342cbd,57348243-a65e-478a-95c3-5357eee10405,3,263.13,2024-06-22
3a9605b0-0aaa-4db1-9774-1e4bf37eb211,df7ada70-5505-46f7-b2b5-1b9990342c70,2db9c360-8c86-44cc-b1e0-ad464df29e39,5,62.45,2024-04-01
55715dcb-a818-4b1d-8c17-473b24c4f4eb,961fa80b-b168-4e56-bd5d-0f8698553533,1f3c23fe-e838-48d0-9c31-d4893057edb5,4,68.4,2024-08-08
1d71bd08-e5da-4aa7-91dd-c5bee6484cf4,ea704efb-0136-43b9-ac45-e16a1419e79f,a98bae9d-519e-411c-9ed5-a24d654f0aa1,3,213.57,2024-06-26
1908c4a6-49fc-4702-930b-183b25ff5199,071a580e-66d9-421d-8dee-3415f3806229,f31f431b-426f-4ddb-a938-d7fbbf7d24ea,2,42.98,2024-01-28
6b3d51e6-77f4-458a-8ddc-44051c7d132f,ad56e008-9d5c-431c-9124-77be554e3fb4,1624ee60-d6b4-47ad-bbd5-4ae4fac1b212,5,382.5,2024-08-29
d1df0cc0-ea90-4989-9b3e-b94f2c0dd1a8,ca080fcf-6a1d-4678-aa79-c7f78d94d5f0,ca72ee9d-8a54-4d39-b870-ddcc20a9792c,3,167.22,2024-08-08
3a6aa491-4b33-441c-9bf1-09d4f8289a68,45750465-2a7e-43b4-8444-bc6781295407,bd347730-ec32-4e81-b32d-4409609feeb8,3,291.39,2024-08-18
6fe35170-382c-4405-889a-9e989ce3d877,60c44073-c666-4294-b13e-d6f8aec1ece8,972aa826-de27-4140-aaa0-79d6865ba778,1,13.31,2024-08-30
50c075ee-47b2-4558-8a64-d2ad0b94f95e,c29647ec-4eb6-4dc9-9d9d-092900fe6277,0dc06828-79bb-4be9-a99f-e7467190380f,3,140.94,2024-02-29
e1813ce6-af10-4d6c-9cb3-9c13036260d8,4b033f4c-492c-4fd9-96e9-898c80c58fe3,7bfefaa0-9501-494f-906b-13e6f2715942,4,341.0,2024-02-10
c2e458db-2aaf-4719-a15a-4902ea9f1d80,4e1a1be9-d688-4f70-a960-bd76bb80780f,58cceda8-d136-40ff-9b3c-2fe102da97ac,1,66.56,2024-08-09
0fd364b1-518c-4c30-b365-f456c01db2dd,ea7ccb18-1167-4d5f-bec0-524a5ecf7bc0,45c0c296-d7cc-451a-ad85-638fdbda69e3,3,77.46000000000001,2024-01-18
948aff73-8da6-4497-9dda-e7a30add7fc0,8a0dd6d0-1cb8-4f8d-87ca-f976789a6dec,253997d1-bf65-4e34-aa50-8bfd4633ce52,3,240.54000000000002,2024-05-29
b1089f28-64f2-4e78-ae04-845287f29440,c694fac6-12e1-4714-a33b-ce5001391112,93145f69-f6d5-433c-961d-f1db45cc81b7,4,317.76,2024-06-17
e03b75cc-5e31-4e4d-9ffe-77e6b63dc057,4e1a1be9-d688-4f70-a960-bd76bb80780f,e3e803b8-d2d5-450a-9191-64e25fcc148c,3,185.28,2024-09-01
d17e7e48-e7e6-440f-b01f-cb5425fd5a4f,071a580e-66d9-421d-8dee-3415f3806229,343463fb-090d-4c25-8f0f-9b0b17de72f9,1,12.8,2024-05-26
8c5b4b09-7817-4d0d-aeec-befa3b1f377e,c29647ec-4eb6-4dc9-9d9d-092900fe6277,8d913525-d3bf-4ad0-b322-ae8dc26b67c6,1,57.57,2024-05-07
2f3d8876-ad5a-4e33-bb9c-44a49fc10225,fd7f6e3e-c64f-49e3-a3a0-05023bf579d7,f22cf127-5e4e-4645-91cb-e60a007df3c4,2,88.16,2024-09-18
155bbd77-3f74-4c0b-bdbd-b3ff1fde2edf,9caa4ec8-30fa-4ccd-9323-23f2c8f1b7b6,f698b59f-5ecc-495f-b06f-e83bd8eaf10f,4,375.56,2024-01-29
cfa5e7b2-0a01-4a06-b535-fc14bf6f2a19,d1acf386-0d9d-47d1-9c8d-0f0ea565c99c,7b525d98-217a-41a6-9dbb-e22b9bdd59ce,2,153.98,2024-07-02
21c461c1-d83b-48d4-a400-1dbe125e9561,7105096f-5e97-4d58-bbe4-4645e3670631,868fd277-6cd0-43aa-a854-f5aa51265c09,2,79.04,2024-01-16
83d9039e-b733-4791-a458-9d514647bd74,df7ada70-5505-46f7-b2b5-1b9990342c70,8f33f1ba-081a-43c6-8396-3646ebd08819,2,189.42,2024-03-14
7fe547b7-6a8f-4f56-a6d5-ec124913f21b,c29647ec-4eb6-4dc9-9d9d-092900fe6277,6e5f4d3b-3c22-4d6f-ae86-374c21bc3f39,2,145.94,2024-04-08
a25dadaa-b158-4355-9af3-4898a77d31b1,3b3ea2e3-d36c-4a13-8b14-c45abdbd0ceb,95efe412-70bd-483e-b461-123002d1d5f7,2,179.1,2024-03-26
1d9d6fd2-f0cd-464c-8066-31fed0c99f5f,accb5fd5-daf1-4472-8b46-fe5eae38c243,f53fd092-e7ba-490e-97b3-60786110b556,2,109.66,2024-02-28
6d1aa4e7-1098-412f-a2e0-53d39690e9b1,c1f6e8f2-ff94-45e0-88e8-3c217c6400b9,9cf46b66-0468-4f6d-91ad-79cb5c35095c,1,89.53,2024-07-25
e2bbdea1-a818-4cf5-9091-427061ed12f5,e0b3abbb-d871-4a22-aba3-3ec3a53731f0,c25b7ddd-8fc0-4199-87bc-87c857d5550c,2,129.96,2024-05-01
2e8e25f7-45c4-422f-ac12-15210297e854,a2b63e42-c11c-465a-afb9-9d35765d37f8,4b97960c-6802-48dc-a588-e955746c4fdb,5,89.94999999999999,2024-04-14
39f00b61-f40b-4360-a499-2e1e4c7b5060,587542b5-f0e9-40dd-a627-6f80d931520a,d51638a3-42d4-4207-b818-3e996fc022ce,2,132.28,2024-03-27
bb914fbb-aa7b-4001-9e7a-8c2eb722aeed,799b2722-4f81-4db1-acd5-d63c8b685530,4b97960c-6802-48dc-a588-e955746c4fdb,1,17.99,2024-07-20
0eb84292-ceec-4e54-ad5d-646ecd0165f2,c3801c99-257f-4b8e-aa1e-7aaf5a71924a,00c38c75-a2a3-4dbc-afaa-b6e720c0a748,5,446.25,2024-09-07
16c4d6dd-342d-4dfc-9493-6b9022ceeb1a,fa1f029c-d6a4-45f4-99de-5c4a59f19265,88f69017-670c-48b4-8109-914aa1047dfe,4,64.32,2024-09-02
fa394060-d7c6-45e1-8918-a5161add33fb,a1659acb-abc7-4ea7-a264-de8bed7b13ef,5493d099-a1a5-4d8f-98f5-c64433421f7c,2,185.44,2024-06-20
4016f0a1-1346-43b6-95a3-6c3380c9ee8a,1077fd72-d0cc-491c-ac75-5d57acc59a3f,cbe9f23a-8345-4012-81bc-23b77792d855,1,88.06,2024-05-22
19d3ad5f-95a6-4645-bc06-0e740ad562f1,a2b63e42-c11c-465a-afb9-9d35765d37f8,9aa88ec2-bc5a-4534-bc89-9168c1d10623,4,147.68,2024-02-19
3123f7a2-2a18-4092-a525-dc6aceb17d55,7b0ecd7a-7767-425a-a995-94dcabfc99eb,6d247a88-a7ea-4645-b7a7-c27bea843cc3,2,140.12,2024-05-18
ea909e89-6968-43fa-ba5c-befed1ce78ae,57034ba3-d106-4099-8ff8-499306cdfabe,d1163041-4a21-455a-9458-3fab356174da,4,66.12,2024-08-22
9130b64b-2c01-4145-a656-3e9acd790d3a,7877ea43-5830-4838-bc72-80062906a6fc,c3c1e386-ea52-4318-a878-d16b181d7808,1,46.51,2024-08-25
f16fdadb-7ce6-4638-8755-ab8d2f104851,7877ea43-5830-4838-bc72-80062906a6fc,383c8816-2964-49db-b286-84b12153b106,3,251.85000000000002,2024-05-25
a15531e5-3611-4ed4-985e-ed225785b8cb,3b3ea2e3-d36c-4a13-8b14-c45abdbd0ceb,2a7c48fe-5948-4188-b158-252bbb47099f,4,97.92,2024-03-22
fcd52856-e664-4d3b-af40-04761dc2fc0b,159ac2ec-2507-4ca7-8534-c416dfc748e7,e6566c54-c05c-4dda-b0ff-d09bd9fa3929,3,33.36,2024-04-02
c0cfcf5b-7208-4bf1-bcd1-5cbf34b8e1a1,8c423d6d-f3e4-4460-a4ec-3036b4f7addf,0b2db08c-01fd-4fd4-82ed-8e4ee6552c68,5,249.25,2024-05-27
fa84d1df-da9e-468f-a2f0-486644640da7,2eeb86d1-6bd3-43de-9a8a-1c002016f9b1,39328122-f7d5-4943-ac1c-cedcb9d89c39,3,297.36,2024-09-12
d0033f92-66d5-4b63-95f4-8bcff63b0cac,3315988c-8433-4d81-887f-1a3390e0a616,a72b8466-12a9-488c-ab3c-5fa58dab6b5f,5,55.099999999999994,2024-04-19
60e7091e-46e8-4e88-af61-5162a7926d9a,a9d5af76-b76e-4b30-bb57-f52bb7f4a55f,eab15df9-3ff1-4411-a627-9cc58577f0bf,5,325.5,2024-02-13
80d0c802-e3f5-4226-8129-cb77eedc40e8,8eb5ce9d-c7d0-4c16-b636-7c7eeb1431d1,0e447461-60d0-4d3a-b9aa-c3f1f9f9b8c5,1,83.97,2024-09-04
f4a80e71-aa8e-4603-9d99-1082d6ddc386,8dc7bcc1-fc4e-4eee-b0af-53d18ba48748,04ff6d89-d689-44fd-9258-44479d7ba701,2,189.34,2024-07-15
50e6bca9-cbcd-4905-addd-ed067c0e51ff,216d0d47-e41b-4357-a81a-073cfc9c15ab,8f33f1ba-081a-43c6-8396-3646ebd08819,2,189.42,2024-07-25
f1c7f5e9-24ce-4fc4-b5bd-6fb5b231e3df,a8a245f9-8bcb-4478-b039-18a6f9f16734,9b70034e-5caa-4599-9c8c-4564eafa0b72,3,142.68,2024-08-24
89b1c4c9-ef81-4843-8507-b5fde7f5b149,e37dfa15-da03-4b08-9035-a1adf2313058,4ef57255-c701-411b-bd9d-8203b4306fd5,2,194.58,2024-01-23
426729a4-4290-4812-998b-d3a65fe1e057,c60699c9-3059-4c85-bef5-d7476f200644,3f5830b8-d113-4edd-ac81-cb3bab282e4e,3,138.32999999999998,2024-02-18
c480f6de-1460-4636-ab23-9dc9e59b3495,c694fac6-12e1-4714-a33b-ce5001391112,83e184c3-be43-408c-ac81-2ef854526208,1,60.28,2024-08-31
f789fc9e-76d5-415f-b2b2-ed136bd0bc4c,05a5f6dc-9859-4249-b432-99effc559860,22ac37b1-8ca5-4c34-91ae-0f17f3c101b3,4,298.8,2024-04-06
0671a54a-0921-40e7-9811-788586b0e122,6218e402-afa9-41ff-b1be-db372ed46d63,6b8be21a-d91c-4416-ab57-25e587f06948,3,278.21999999999997,2024-02-17
0a293c83-da51-4e12-87e4-df2e9aeed655,69f6ca19-562a-472f-b5b8-c2f7ae7b2e1f,6d247a88-a7ea-4645-b7a7-c27bea843cc3,2,140.12,2024-04-05
f5b5d345-aab5-4970-9e0c-729152766a66,8eb5ce9d-c7d0-4c16-b636-7c7eeb1431d1,eab15df9-3ff1-4411-a627-9cc58577f0bf,3,195.29999999999998,2024-05-29
1ff6d43d-6a71-43c6-8a2d-c9894f8783a8,ea7ccb18-1167-4d5f-bec0-524a5ecf7bc0,8631e824-b7a6-4a26-9048-e8f7ee1830e0,3,254.43,2024-07-20
c86c1497-c21f-4a89-aa22-77da1fb027fd,ba0fa5b7-e26c-4bdb-ab14-2aeee2c7d339,378e4244-2e1a-44e1-8ff6-297cbecd385d,4,380.72,2024-05-19
ea005ff9-ea8a-40fa-bd03-0015cc604146,8c02930c-37cd-42e6-a258-78fe61235d8d,ae618d7d-df0a-4241-9925-403123b1c123,4,365.56,2024-08-15
25887514-bac5-4f08-aa98-fa65c64940dc,1de675ed-a606-48ab-8000-99954a4268d1,9fbdbf67-57a4-4d6b-a973-44a58d299456,1,31.93,2024-02-29
4b27e5ce-8146-49b8-b393-15596d0033aa,c694fac6-12e1-4714-a33b-ce5001391112,0dc06828-79bb-4be9-a99f-e7467190380f,1,46.98,2024-02-29
f5e0a576-d140-4360-be68-60cbf3401af1,c8cd7976-db18-496a-896c-aa124eaaed92,dbd57ff6-20e0-463c-b22e-70faf6c4101f,4,211.44,2024-04-02
96caa179-dcaa-4c27-a2b6-a783fb3106d0,fd7f6e3e-c64f-49e3-a3a0-05023bf579d7,5c78da5d-0ce4-47e9-a0de-cde770eec932,5,160.39999999999998,2024-01-15
f21879f2-bb63-4353-9a5e-70e0ed4fc0a1,a290427b-cf90-4f3f-9baf-711b31ec4eed,0fc07710-b497-419b-9c18-9637dafeb743,5,365.6,2024-03-11
4042a8d3-5aae-486e-a753-52e5b6a116ca,a8c09f91-2286-47c0-a1b6-236e617ec489,d6bf20e4-053f-4e4a-888c-e39956b76bb8,4,111.36,2024-05-17
b50279ff-f046-4e07-a23c-dbb53308fbff,b37ccd28-c67a-4ea6-9b89-78503eda43cf,f4517fe8-c297-4044-bfba-47c507287e4d,5,94.25,2024-02-13
b937a328-477e-4e58-a7e0-5bae1e6ce380,7b0ecd7a-7767-425a-a995-94dcabfc99eb,22ac37b1-8ca5-4c34-91ae-0f17f3c101b3,4,298.8,2024-09-04
f44b938e-bd94-41eb-abbe-066f97f4026a,9b6321f4-1840-42a8-bf22-edd0cdd9b343,8b6c9678-c606-4d40-bf16-22b1dd6cd168,5,192.65,2024-05-08
b2dd2c29-09f5-4d7f-aab4-72a418ae566a,7b93852a-a484-49d1-81ba-893baf50dbb4,3b49ca38-3392-44c4-b44d-a3303b7552aa,3,227.54999999999998,2024-07-06
51e56641-ddc5-4856-b586-ed1575372947,a9a9f4ce-c4ce-49a7-9853-aeb8d66efae7,24ca31ad-2032-43dc-b9ef-4c98b924c39c,1,71.65,2024-03-19
463b1f79-bfae-4f5c-9393-c80b2150f174,180426f7-8e08-4114-8121-0e9da1938656,3c5f2690-6791-4294-a0ac-4a9512e117e9,2,131.26,2024-09-09
729e4bea-9bd5-4728-a7ab-fa22de9b9516,d264170a-8cb0-4fb9-a695-00dd8e53fb92,1d5ae163-3ccf-4aba-8f51-06de91cad7ac,2,159.32,2024-04-30
4f42a273-474a-4710-b28b-dc12d41078f5,3e4f5c58-0c9b-4f5b-837f-c5382f7581ad,df0347c5-7468-4d88-bc08-8d2923c10a05,4,296.76,2024-02-04
91e4af52-da4d-4469-af4c-5c994cb8c22f,a1659acb-abc7-4ea7-a264-de8bed7b13ef,2e25f5e8-1683-4951-862f-943a48612299,2,119.74,2024-02-13
244cf3ca-5ea3-4abf-80a2-8d764f220b55,fcf72ac3-13b9-4951-98d1-73fa38d6b21f,b495b54f-ba3e-471c-81b9-7f6e86ea4a2e,1,62.45,2024-03-07
bffefd7b-eb2f-4768-a413-e431f5afc943,a290427b-cf90-4f3f-9baf-711b31ec4eed,04479b88-7851-4857-9376-88e47f5b573b,5,392.2,2024-07-15
953aee7a-4202-4ccb-b164-290451965bf6,12fe03d8-ed02-4496-8dac-75a6e8f80342,57348243-a65e-478a-95c3-5357eee10405,2,175.42,2024-04-22
28ae269b-436f-4a8b-8ca7-3452c7e270d2,ee26e0f1-de58-458f-8504-2b436c4a2472,5250031c-55de-40dc-a2db-1fe7c212b74c,3,272.01,2024-01-22
0c5b1882-6204-4718-bc8f-0beeefeb9486,ad0ebc24-dc39-4947-bc38-39f9b4ffe0fc,c198e043-31e7-438a-9de0-906ad3cea887,1,73.13,2024-04-06
4dfb4c11-d603-4d43-8079-2559600f2873,7b93852a-a484-49d1-81ba-893baf50dbb4,ac8beb5b-df3f-4478-a334-1d8b45415590,4,342.92,2024-03-15
b9a8ca30-0f70-4f17-9df0-15a1654801e6,ad0ebc24-dc39-4947-bc38-39f9b4ffe0fc,230414e5-ff7a-4a93-aca7-4b119af76fd9,4,212.56,2024-03-06
2dd5702f-b170-46d4-b993-b3330c6c4461,ca6a1df0-3cc7-4c9e-b7ed-f53d1a272f00,6ab09719-f61d-49d8-9044-5581bf62605d,5,351.0,2024-07-23
070fd120-bd57-4bae-a564-54b4d72dedc2,b460d820-2755-40fa-903f-709c854522e2,6e8e7b0f-c0e5-42fe-ae8c-49cf2c0b9eef,3,284.49,2024-03-19
69f75a06-edca-408a-b638-0e0ba4a557aa,5c13d1f6-62e6-4e6a-a686-1b63ec4f8277,67703ff0-4815-440a-a81e-57968bd14e2b,3,85.62,2024-06-20
e1b3619f-c0ad-450b-bc93-45502d9118cf,8c423d6d-f3e4-4460-a4ec-3036b4f7addf,e36e9b1a-56e9-481d-ab21-a8031291f52b,4,125.08,2024-09-01
9ce2efe5-d37b-4e3a-b84a-e95f9405d181,37ef76f8-7150-4e7b-9ed8-e3ee36354969,6e3d15e7-a2ab-44ff-b7a4-cd6444a8c732,4,255.8,2024-01-08
d0b5997f-afb4-4a35-bdab-7a6e48219420,4e59d88b-630f-443a-90c6-b2560e1e2b19,f57dfb2d-fc49-484a-a58c-36b4df819906,2,125.64,2024-06-06
5d4f9972-46b7-4c8c-aa80-4ee6138bbb49,a9a9f4ce-c4ce-49a7-9853-aeb8d66efae7,8cb906fd-2ec7-4369-a99a-906375e28ec5,2,169.1,2024-04-24
df9174ef-c8aa-4017-b9ac-23a4e96020b3,1de675ed-a606-48ab-8000-99954a4268d1,4911669e-cce9-4c53-a910-0058a1396b5a,5,346.04999999999995,2024-08-20
b3118b76-ab4f-438b-90de-9a672b936013,12fe03d8-ed02-4496-8dac-75a6e8f80342,852973d5-a5b8-43f6-802b-53d97e70f482,1,48.76,2024-01-12
5f212eda-66de-46cf-b0ae-aa62f19e8d72,7ed6fb05-ef3f-407a-976f-817fe9b13535,35586cfc-147c-4cf8-a901-9787d470d859,2,34.7,2024-06-17
11831280-c330-4265-aafe-c8dc21e35773,a797f613-473a-4008-9e36-9f3487468bb9,d74ac098-d98a-4cb4-9395-886b8cc12777,4,91.92,2024-07-28
64af62c6-6ced-4ece-a593-7cdfbe83a330,c694fac6-12e1-4714-a33b-ce5001391112,972aa826-de27-4140-aaa0-79d6865ba778,1,13.31,2024-05-15
d76cadab-2667-4e9c-bf58-089c3ba8c8db,7877ea43-5830-4838-bc72-80062906a6fc,546df7ac-97a2-4225-acf8-1be768cff497,3,216.14999999999998,2024-08-12
4224a133-7c67-4585-9233-6c9a9b319a44,ca6a1df0-3cc7-4c9e-b7ed-f53d1a272f00,5d9d9b3e-d72b-4349-af63-d8edb2b7a2c3,5,429.7,2024-07-10
1c511026-83e9-4ba8-ba2a-d5c70baee190,accb5fd5-daf1-4472-8b46-fe5eae38c243,c51e235c-ff2a-426e-a565-40b3c3ddc9d0,1,52.05,2024-02-27
582d14c4-1a74-41db-b502-96089e2a6db7,1d726b2c-4c20-4529-9a9a-f6907905ce88,12fd68fd-754c-4d5e-9757-4a09297c993b,3,38.160000000000004,2024-08-17
a53e6886-5a46-4c0b-94d0-ff580c5c9cd6,5cb20b9d-b7d0-43ed-89d6-c90d291dbc56,eadb3d21-95ad-4afa-894c-a35c6c709d20,1,50.1,2024-08-13
0e12c3a0-7abf-4238-ab62-211fee8638bb,c2568028-2e1f-4067-86d5-d34177d00940,c250459a-8a1e-4c3f-b74d-caea7591f2cf,2,46.24,2024-02-08
4be3f336-5a6d-498a-b97c-44041483c80a,4e1a1be9-d688-4f70-a960-bd76bb80780f,77e0c84b-a7c6-4fec-ac90-b6aa482fb944,3,100.14000000000001,2024-09-12
329a57af-2106-44f8-85bb-f74e086e1170,57034ba3-d106-4099-8ff8-499306cdfabe,26c45e47-5e8d-4e9e-a3c4-0752973e196a,2,121.0,2024-05-03
dc9464ff-78ef-4d84-9c2f-809326dabc4b,d0314665-111a-468d-9ba9-9c85b51d7812,d46c36a0-46eb-446b-ae8d-7f3422c573d9,4,266.96,2024-08-13
86774848-5659-4ab4-9891-3508a16a3af9,1de675ed-a606-48ab-8000-99954a4268d1,bd8e9afb-4627-4cf2-a7c8-233c13ae87ac,2,111.62,2024-06-25
121d0c29-6d04-4b83-9123-561aabf6137b,6218e402-afa9-41ff-b1be-db372ed46d63,82990f49-2dc3-4493-80e4-7ea15e63a139,2,57.82,2024-02-05
daf5edcc-f450-4e85-87ac-803223b0ba5b,fcf72ac3-13b9-4951-98d1-73fa38d6b21f,84e05845-3a53-4bef-aeba-573f385b1e97,1,69.83,2024-03-07
8184b836-a548-46c4-a661-f574a6251c5c,d1acf386-0d9d-47d1-9c8d-0f0ea565c99c,deeed408-a07b-4c10-8ef4-7e2e9a19dad6,1,96.04,2024-08-06
eb8b3220-b074-4ad9-914d-372b22eeed32,9caa4ec8-30fa-4ccd-9323-23f2c8f1b7b6,9a250ed7-8e31-408b-acd9-1afeac3aa374,5,459.90000000000003,2024-07-19
045349ba-bc20-4a7d-86e5-7e67319dd454,5c4ed71f-efaa-4ef7-9798-4bd879f8ff5d,39328122-f7d5-4943-ac1c-cedcb9d89c39,4,396.48,2024-07-30
59402c58-9291-4f71-8b0c-b84827b5d964,a1659acb-abc7-4ea7-a264-de8bed7b13ef,bd8e9afb-4627-4cf2-a7c8-233c13ae87ac,1,55.81,2024-04-30
9638ba89-fb12-4a89-8e78-204bfae25613,99cd739c-eb09-4a53-9950-0967e8dedcf7,898e7e9a-7087-4a4d-a503-cfa3056a4bba,5,267.35,2024-03-25
efce40ed-9047-40f0-a63b-dd9978e3a3c1,d1acf386-0d9d-47d1-9c8d-0f0ea565c99c,0dc06828-79bb-4be9-a99f-e7467190380f,2,93.96,2024-02-15
73e681d7-a6fe-40fd-b4b2-d55c212dd3ed,4baac050-09a5-43bc-afcd-23032f57e669,75b7cc60-222b-49da-8027-8afc6d7b7692,1,59.54,2024-04-19
cf8f40bf-06d9-4e4a-8b33-92baed67a068,6616a0aa-d9e4-479d-be25-9c0e2381f14e,dfabe0a4-93cc-48b0-b003-0fa87596b897,2,100.22,2024-01-07
f5b26f5a-74cc-4750-b7e4-e83a546d32e4,01c914a7-3479-4e30-b242-a08d1a763b69,0533287f-7e41-4f4e-bfc5-b87ab464679b,2,83.26,2024-07-20
3176d2ba-7362-402d-bbb5-58e849c595fd,ee26e0f1-de58-458f-8504-2b436c4a2472,9a73faab-fdf9-4cf5-9d5a-f8172f4629ff,1,92.06,2024-06-23
6d17ccbd-27bf-4d0b-b412-5ffa66c949a1,6616a0aa-d9e4-479d-be25-9c0e2381f14e,d6eec8e9-2b3d-4022-a46b-9e4ba8606782,4,182.52,2024-06-10
8475c395-d911-443e-b897-28dda7482eee,c8cd7976-db18-496a-896c-aa124eaaed92,d50aeb42-9a09-469e-bc40-048228028b85,2,121.42,2024-08-09
8f3851ab-4946-421f-8bf1-59b3aaf2fd15,7105096f-5e97-4d58-bbe4-4645e3670631,deeed408-a07b-4c10-8ef4-7e2e9a19dad6,1,96.04,2024-05-24
d1c1b8ba-6dbe-4051-83ef-451c3140b630,38a244d4-b7ba-4b64-ab67-e5638195f503,75b7cc60-222b-49da-8027-8afc6d7b7692,3,178.62,2024-03-14
4d036ca1-8a19-457b-a2fa-28414144a826,1c478ed4-5935-4d07-b4c4-c1ca450a9cff,32ea307b-16af-48e4-b001-7a2ee4960dc6,4,163.0,2024-04-05
a39803ae-7fc7-4c6a-b81b-f71f3cf914f0,ea704efb-0136-43b9-ac45-e16a1419e79f,d5f82abb-8166-4b63-a4b6-2f452e20141e,2,75.06,2024-08-31
f18f29bd-a2b4-4f9c-a479-bdc298d98bd9,5b145ac4-2445-4f70-9535-9609f77226be,8acd8b8b-9df6-40ce-aee4-8567f1fbe09d,2,178.58,2024-09-22
f5e25a6c-cbf5-4b0e-a699-c058c83c97b3,1de675ed-a606-48ab-8000-99954a4268d1,2ea53010-abd6-4760-8ee3-7b75c08db292,4,160.0,2024-08-28
f8f4d914-7f09-4de2-ac3b-fd904dd2791c,28164348-0641-4c94-b24c-ea0833bb074b,3c397d1d-4779-4e69-a83e-fb7451eb2517,3,41.04,2024-06-10
64f11e31-b3de-4183-96ac-e2ce42df1963,7ed6fb05-ef3f-407a-976f-817fe9b13535,30577ae4-ea77-4e22-8648-ae672ad6440c,3,178.56,2024-01-20
c0ca142a-afa0-43e8-9f5e-4c369ac6c4ae,cdf8ab02-b40c-477a-8d97-99dc96f3e03a,a2617348-128f-4eff-b66a-f537ee2ffbfa,4,142.52,2024-01-12
532263a1-7ead-42a9-b4c0-ae4aa7366ce0,fd7f6e3e-c64f-49e3-a3a0-05023bf579d7,f57dfb2d-fc49-484a-a58c-36b4df819906,4,251.28,2024-07-19
87936804-cf03-42da-ac44-3bb63e564545,60780234-89d1-4e55-a80a-502ce7102be9,83b5d1aa-5eaa-470e-93d7-8756600ed561,2,146.28,2024-07-26
9bd17eac-3ed7-4e9f-8354-fe3a8713b97e,a035f333-eb9d-42fd-9133-36ca4394f041,0863978f-4be6-49f3-81e2-566069e5bdc5,3,223.46999999999997,2024-06-22
0dee792b-296e-4969-83d0-66f27f350a07,9caa4ec8-30fa-4ccd-9323-23f2c8f1b7b6,763b3a71-72ee-4683-8f49-9293507b9714,4,292.12,2024-06-13
29dbf46c-543c-4762-b8af-41e60fe0eaa0,60780234-89d1-4e55-a80a-502ce7102be9,67703ff0-4815-440a-a81e-57968bd14e2b,2,57.08,2024-01-31
f9748128-6b78-4bd6-8ced-121001d7c299,55dc1365-ac5f-43e4-84b4-320fda0625d6,cb709600-18e7-4f42-a4f8-b158ad55aff9,2,27.26,2024-04-20
b1d8bf83-d908-4b61-990b-aa1d21b2395a,a2b63e42-c11c-465a-afb9-9d35765d37f8,0b2db08c-01fd-4fd4-82ed-8e4ee6552c68,1,49.85,2024-08-10
d8daafa7-846f-43f1-bc01-82a1ed597ff7,c60699c9-3059-4c85-bef5-d7476f200644,bba528fb-e84c-44f7-a8d1-8799e0a4767c,2,50.48,2024-02-28
7a436848-b865-4ed6-8e29-34eec40c0d35,d4a314b4-679b-43c1-a7ed-0d1e9103f9be,a0d4cfc0-9fe8-4241-995c-feb6f38f9b4e,1,16.44,2024-08-26
cd84e4ee-23ac-45fd-8c02-a505076da537,c2568028-2e1f-4067-86d5-d34177d00940,7f2ce547-4251-473e-8f73-18343e9292ef,4,139.56,2024-06-27
602fd02b-7396-41ee-8915-9e50ba712272,a8a245f9-8bcb-4478-b039-18a6f9f16734,6980aba9-3cea-4e9b-9a58-f31150971687,1,93.18,2024-04-13
9e8834b7-343b-4ec4-a78c-676b26ab10dd,8a0dd6d0-1cb8-4f8d-87ca-f976789a6dec,8c38b8d1-74f2-4098-865d-3597a538460e,2,138.24,2024-03-14
